<?xml version="1.0" encoding="UTF-8" standalone="yes"?>
<addon
	id="plugin.video.hieuhien.vn.drama24h"
	version="1.0.7"
	name="[COLOR yellow][B]drama24h[/COLOR][/B]"
	provider-name="Dknight">
	<requires>
		<import addon="xbmc.python" version="2.1.0" optional="true" />
		<import addon="script.module.beautifulsoup" version="3.0.8"/>
		<import addon="script.module.urlresolver" version="2.1.2"/>
		<import addon="script.module.simplejson" />
		<import addon="script.module.t0mm0.common" version="1.1.0"/>
	</requires>
	<extension point="xbmc.python.pluginsource" library="default.py">
		<provides></provides>
	</extension>
	<extension point="xbmc.addon.metadata">
	<summary>drama24h</summary>
	<description>Watch drama24h (Chinese)Videos</description>
	<platform>all</platform>
	</extension>
</addon>