<favourites>
	<favourite name="Latino Cable Channels" thumb="http://www.blackbox247.com/images/TV-Cables-logo.JPG">ActivateWindow(10025,&quot;plugin://plugin.program.super.favourites/?label=Latino Channels&amp;mode=400&amp;path=special%3A%2F%2Fhome%2Faddons%2Fplugin.video.live.streams%2FSuper%20Favourites%5CCables%20TV%20Channels%5CLatino%20Channels&amp;sf_options=fanart%3Dspecial%3A%2F%2Fhome%2Faddons%5Cplugin.program.super.favourites%5Cfanart.jpg%26_options_sf&quot;,return)</favourite>
	<favourite name="Cloud TV" thumb="androidapp://sources/apps/com.cloud.tv.png">StartAndroidActivity(&quot;com.cloud.tv&quot;)</favourite>
	<favourite name="pelisalacarta" thumb="special://home/addons/plugin.video.pelisalacarta/icon.png">ActivateWindow(10025,&quot;plugin://plugin.video.pelisalacarta/&quot;,return)</favourite>
	<favourite name="tvalacarta" thumb="special://home/addons/plugin.video.tvalacarta/icon.png">ActivateWindow(10025,&quot;plugin://plugin.video.tvalacarta/&quot;,return)</favourite>
	<favourite name="[COLOR lime]•[/COLOR][COLOR deepskyblue] Live TV - TotalPlay    [/COLOR] [COLOR skyblue] [/COLOR]  " thumb="http://i.imgur.com/oxTNPnp.png">ActivateWindow(10025,&quot;plugin://plugin.video.adryanlist/?fanart=http%3a%2f%2fi.imgur.com%2fGyK9PGj.jpg&amp;mode=1&amp;name=%5bCOLOR%20lime%5d%e2%80%a2%5b%2fCOLOR%5d%5bCOLOR%20deepskyblue%5d%20%20TotalPlay%20%20%20%20%5b%2fCOLOR%5d%20%5bCOLOR%20skyblue%5d%20%5b%2fCOLOR%5d%20%20&amp;url=http%3a%2f%2fadrian.kodistream.info%2fadryan%2ftotalp.xml&quot;,return)</favourite>
    <favourite name="[COLOR lime]•[/COLOR][COLOR deepskyblue]  Peliculas &amp; [B]Series de TV [COLOR skyblue]24/7[/COLOR][/B][/COLOR] [COLOR green] [/COLOR]" thumb="http://i.imgur.com/oxTNPnp.png">ActivateWindow(10025,&quot;plugin://plugin.video.adryanlist/?fanart=http%3a%2f%2fi.imgur.com%2fGyK9PGj.jpg&amp;mode=1&amp;name=%5bCOLOR%20lime%5d%e2%80%a2%5b%2fCOLOR%5d%5bCOLOR%20deepskyblue%5d%20%20Peliculas%20%26%20%5bB%5dSeries%20de%20TV%20%5bCOLOR%20skyblue%5d24%2f7%5b%2fCOLOR%5d%5b%2fB%5d%5b%2fCOLOR%5d%20%5bCOLOR%20green%5d%20%5b%2fCOLOR%5d&amp;url=http%3a%2f%2fadrian.kodistream.info%2fadryan%2fp247.xml&quot;,return)</favourite>
    <favourite name="[COLOR lime]•[/COLOR][COLOR deepskyblue]  Peliculas [/COLOR]" thumb="http://i.imgur.com/oxTNPnp.png">ActivateWindow(10025,&quot;plugin://plugin.video.adryanlist/?fanart=http%3a%2f%2fi.imgur.com%2fGyK9PGj.jpg&amp;mode=1&amp;name=%5bCOLOR%20lime%5d%e2%80%a2%5b%2fCOLOR%5d%5bCOLOR%20deepskyblue%5d%20%20Peliculas%20%5b%2fCOLOR%5d&amp;url=http%3a%2f%2fadrian.kodistream.info%2fadryan%2fpyt_vod.xml&quot;,return)</favourite>
	<favourite name="[COLOR lime]•[/COLOR][COLOR deepskyblue]  IPTV+ Live TV  [/COLOR] [COLOR skyblue][/COLOR]  " thumb="http://i.imgur.com/oxTNPnp.png">ActivateWindow(10025,&quot;plugin://plugin.video.adryanlist/?fanart=http%3a%2f%2fi.imgur.com%2fGyK9PGj.jpg&amp;mode=1&amp;name=%5bCOLOR%20lime%5d%e2%80%a2%5b%2fCOLOR%5d%5bCOLOR%20deepskyblue%5d%20%20IPTV%2b%20%20%20%5b%2fCOLOR%5d%20%5bCOLOR%20skyblue%5d%5b%2fCOLOR%5d%20%20&amp;url=http%3a%2f%2fadrian.kodistream.info%2fadryan%2fstalker001.m3u&quot;,return)</favourite>
    <favourite name="[COLOR lime]•[/COLOR][COLOR deepskyblue]  Deportes[/COLOR] " thumb="http://i.imgur.com/oxTNPnp.png">ActivateWindow(10025,&quot;plugin://plugin.video.adryanlist/?fanart=http%3a%2f%2fi.imgur.com%2fGyK9PGj.jpg&amp;mode=1&amp;name=%5bCOLOR%20lime%5d%e2%80%a2%5b%2fCOLOR%5d%5bCOLOR%20deepskyblue%5d%20%20Deportes%5b%2fCOLOR%5d%20&amp;url=http%3a%2f%2fadrian.kodistream.info%2fadryan%2fdeportes_adryan_list.xml&quot;,return)</favourite>
	<favourite name="[COLOR lime]•[/COLOR][COLOR deepskyblue]  Mas Listas Amigas[/COLOR]" thumb="http://i.imgur.com/oxTNPnp.png">ActivateWindow(10025,&quot;plugin://plugin.video.adryanlist/?fanart=http%3a%2f%2fi.imgur.com%2fGyK9PGj.jpg&amp;mode=1&amp;name=%5bCOLOR%20lime%5d%e2%80%a2%5b%2fCOLOR%5d%5bCOLOR%20deepskyblue%5d%20%20Mas%20Listas%20Amigas%5b%2fCOLOR%5d&amp;url=http%3a%2f%2fadrian.kodistream.info%2fadryan%2flists.xml&quot;,return)</favourite>
	<favourite name="TV Portuguesa" thumb="special://home/addons/plugin.video.tvpor/icon.png">ActivateWindow(10025,&quot;plugin://plugin.video.tvpor/&quot;,return)</favourite>
	<favourite name="LATINO LIVE TV" thumb="http://s10.postimg.org/ujgn8qmix/Latino_TV.jpg">ActivateWindow(10025,&quot;plugin://plugin.video.phstreams/?action=ndmode&amp;audio=0&amp;content=0&amp;fanart=http%3a%2f%2fcoolbackgroundhd.com%2fwp-content%2fuploads%2f2015%2f04%2fangels-wings-fire-wallpaper.jpg&amp;image=http%3a%2f%2fs10.postimg.org%2fujgn8qmix%2fLatino_TV.jpg&amp;name=LATINO%20LIVE%20TV&amp;playable=false&amp;tvshow=0&amp;url=http%3a%2f%2fgibraltar.watchkodi.com%2fForiegn%2flatino.xml&quot;,return)</favourite>
	<favourite name="SOUTH AMERICA" thumb="http://www.nationsonline.org/maps/south_america_map_855.jpg">ActivateWindow(10025,&quot;plugin://plugin.video.phstreams/?action=ndmode&amp;audio=0&amp;content=0&amp;fanart=http%3a%2f%2fcdn01.wallconvert.com%2f_media%2fwallpapers_1920x1200%2f1%2f1%2funited-nations-logo-4986.jpg&amp;image=http%3a%2f%2fwww.nationsonline.org%2fmaps%2fsouth_america_map_855.jpg&amp;name=SOUTH%20AMERICA&amp;playable=false&amp;tvshow=0&amp;url=http%3a%2f%2fgibraltar.watchkodi.com%2fWorld%2fSouthAmerica.xml&quot;,return)</favourite>
	<favourite name="Canal+" thumb="special://home/addons/plugin.video.canal.plus/icon.png">ActivateWindow(10025,&quot;plugin://plugin.video.canal.plus/&quot;,return)</favourite>
	<favourite name="VEVO" thumb="special://home/addons/plugin.video.vevo/icon.png">ActivateWindow(10025,&quot;plugin://plugin.video.vevo/?content_type=video&quot;,return)</favourite>
	<favourite name="[COLOR FFAAAAAA][COLOR FFFFFFFF]E[/COLOR]spanol[/COLOR]" thumb="special://home/addons/plugin.stream.vaughnlive.tv/art/espanol.jpg">ActivateWindow(10025,&quot;plugin://plugin.stream.vaughnlive.tv/?cat=espanol&amp;mode=BrowseCat3&amp;site&amp;type=php&quot;,return)</favourite>
	
</favourites>