<?xml version="1.0" encoding="UTF-8" standalone="yes"?>
<addon id="plugin.video.hieuhien.vn.footballreplays" name="[COLOR violet]Bóng đá xem lại[/COLOR]" version="3.0.3" provider-name=".[COLOR blue]X[/COLOR]unity[COLOR blue]T[/COLOR]alk">
	<requires>
		<import addon="xbmc.python" version="2.1.0"/>
    <import addon="script.module.urlresolver" version="0.0.1"/>
	</requires>
	<extension point="xbmc.python.pluginsource" library="default.py">
		<provides></provides>
	</extension>
	<extension point="xbmc.addon.metadata">
		<summary lang="en">Football Replays</summary>
		<description lang="en">Football Replays</description>
		<disclaimer lang="en">By using This Plugin You will receive sometimes an advert which helps funds the developers developing.....we all thank you!!</disclaimer>
		<platform>all</platform>
	</extension>
</addon>
