<?xml version="1.0" encoding="UTF-8" standalone="yes" ?>
<addon id="plugin.audio.hieuhien.vn.xsharefree" name="[COLOR lime][B]Xshare [/COLOR][COLOR red]Music[/COLOR] [COLOR blue]Center[/B][/COLOR]" version="3.4.5.1" provider-name="thaitni">
    <requires>
        <import addon="xbmc.python" version="2.1.0" optional="true" />
    </requires>
    <extension point="xbmc.python.pluginsource" library="xshare.py">
        <provides>audio</provides>
    </extension>
    <extension point="xbmc.addon.metadata">
        <summary>Xshare - XBMC HD Video</summary>
		<description lang="en">Tìm và nghe nhạc trên XBMC từ: chiasenhac.com, nhaccuatui.com va nhacdj.vn</description>
		<platform>all</platform>
		<language>en</language>
		<license>GNU General Public License - v2</license>
		<source>https://github.com/thaitni/xbmc.repo.xshare</source>
		<email>thai@thanhthai.net</email>
    </extension>
</addon>