<?xml version="1.0" encoding="UTF-8" standalone="yes"?>
	<addon id="plugin.video.hieuhien.vn.phimlt"  version="1.9" name="[COLOR lime][B]PhimLT.com[/B][/COLOR]" provider-name="V137">
		<requires>
			<import addon="xbmc.python" version="2.1.0" />
			<import addon="script.module.xbmcswift2" version="1.3.1" />
			<import addon="plugin.video.youtube" version="4.4.1" />
			<import addon="script.module.requests" version="2.6.0"/>
		</requires>
		<extension library="default.py" point="xbmc.python.pluginsource">
		<extension point="xbmc.addon.metadata">
			<summary>PhimLT.com</summary>
			<description>PhimLT.com (Vietnamese)</description>
			<platform>all</platform>
		</extension>
	</addon>