<?xml version="1.0" encoding="UTF-8"?>
    <addon id="lanik.repo" name="Lanik Repository" version="1.0.1" provider-name="Dalibor Lanik">
        <requires>
            <import addon="xbmc.addon" version="12.0.0"/>
        </requires>
        <extension point="xbmc.addon.repository" name="Lanik Repository">
            <info compressed="false">http://kodi.lanik.org/_repo/addons.xml</info>
            <checksum>http://kodi.lanik.org/_repo/addons.xml.md5</checksum>
            <datadir zip="true">http://kodi.lanik.org/_repo/</datadir>
            <hashes>false</hashes>
        </extension>
        <extension point="xbmc.addon.metadata">
            <summary>Repository for my KODI plugins</summary>
            <description>KODI Repository for stuff made by D. Lanik</description>
            <platform>all</platform>
    </extension>
</addon>