<?xml version="1.0" encoding="UTF-8"?>
	<addon id="plugin.video.hieuhien.vn.viettube.channels" name="[COLOR violet][B]VietTube Channels[/B][/COLOR]" version="4.1" provider-name="V137">
		<requires>
			<import addon="xbmc.python" version="2.1.0"/>
		</requires>
		<extension point="xbmc.python.pluginsource" library="addon.py">
			<provides></provides>
		</extension>
		<extension point="xbmc.addon.metadata">
			<platform>all</platform>
			<summary lang="en">Viet YouTube channels</summary>
			<language/>
			<description lang="en">Viet YouTube channels</description>
		</extension>
	</addon>
