<?xml version="1.0" encoding="UTF-8" standalone="yes"?>
<addon
  id="plugin.video.HieuHien.vn"
  version="1.0.3"
  name="[B][COLOR red]Hieuhien.vn[/COLOR]-[COLOR lime]Trung tâm giải trí[/COLOR][/B]"
  provider-name="thongld">
  <requires>
    <import addon="xbmc.python" version="2.1.0"/>
    <import addon="script.module.xbmcswift2" version="0.0.7" />
    <import addon="plugin.video.youtube" version="4.4.1" />
    <import addon="script.module.httplib2" version="0.1" />
    <import addon="script.rawmaintenance" version="0.1" />
  </requires>
  <extension point="xbmc.service" library="autorun.py" start="startup"></extension>
  <extension point="xbmc.python.pluginsource" library="default.py">
        <provides>video</provides>
  </extension>
  <extension point="xbmc.addon.metadata">
    <summary>Hieuhien.vn Media Center cho người Việt</summary>
    <description>Trung tâm giải trí - tất cả trong 1 cho người Việt - Addon này được chỉnh sửa nội dung từ addon [COLOR yellow]VN Open Playlist[/COLOR] của tác giả [COLOR blue]thongld[/COLOR] - Xin cảm ơn tác giả đã cho phép [COLOR red]HieuHien.vn[/COLOR] chỉnh sửa để sử dụng theo cách riêng của mình!</description>
    <platform>all</platform>
  </extension>
</addon>