<?xml version="1.0" encoding="UTF-8" standalone="yes"?>
<addon
  id="plugin.video.F.T.V"
  version="1.3.6"
  name="[B][COLOR FF00FF00]HayHayTV[/COLOR][/B]"
  provider-name="lnt900">
  <requires>
    <import addon="xbmc.python" version="2.1.0"/>
  </requires>
  <extension point="xbmc.python.pluginsource" library="default.py">
        <provides>video</provides>
  </extension>
  <extension point="xbmc.addon.metadata">
    <summary>hayhaytv</summary>
    <description>Watch hayhaytv.vn (Vietnamese) Videos</description>
    <platform>all</platform>
  </extension>
</addon>