﻿<?xml version="1.0" encoding="UTF-8" standalone="yes"?>
<addon
	id="plugin.video.hieuhien.vn.tubemotion"
	version="1.0.1"
	name="[COLOR violet][B]TubeMotion[/B][/COLOR]"
	provider-name="bacha">	
	<requires>		
	</requires>	
	<extension point="xbmc.python.pluginsource" library="default.py">
		<provides></provides>
	</extension>	
	<extension point="xbmc.addon.metadata">
	<summary>YouTube and Dailymotion Channels</summary>		
	<description>Tổng hợp các kênh Youtube và Dailymotion. Addon này được viết lại dựa trên netmedia và chantube addons.</description>		
	<platform>all</platform>	
</extension>
</addon>