{
    "channels":[
        {
            "channel":0,
            "name":"Tôn Giáo",
            "thumb":"tongiao.png",
            "items":[          
                {
                    "title":"Việt Catholic News",
                    "link":"youtube/user/VietCatholicNews/",
                    "thumb":"https://yt3.ggpht.com/-c65Ab-3X6dk/AAAAAAAAAAI/AAAAAAAAAAA/PT8rdJRT_Is/s100-c-k-no/photo.jpg"
                },
                {
                    "title":"Tổng Giáo phận Sài Gòn",
                    "link":"youtube/user/tonggiaophansaigon/",
                    "thumb":"https://yt3.ggpht.com/-XAIt6lUumS8/AAAAAAAAAAI/AAAAAAAAAAA/DqpwQeTQVuw/s900-c-k-no/photo.jpg"
                },
                {
                    "title":"Giáo phận Mỹ Tho",
                    "link":"youtube/user/giaophanmytho1/",
                    "thumb":"https://yt3.ggpht.com/-YLNL4eAJFOE/AAAAAAAAAAI/AAAAAAAAAAA/nX0qUtNj7Mo/s900-c-k-no/photo.jpg"
                },
                {
                    "title":"Đa Minh Việt Nam (Dominican Province in Viet Nam)",
                    "link":"youtube/channel/UCVxSILQUfiUt3s2rFbUmikw/",
                    "thumb":"https://yt3.ggpht.com/-sykmJMgYf_4/AAAAAAAAAAI/AAAAAAAAAAA/7uD0uONF_uQ/s900-c-k-no/photo.jpg"
                },
                {
                    "title":"Mục Vụ Truyền Thông Giáo Xứ Phú Hoà",
                    "link":"youtube/user/MVTTGxPhuHoa/",
                    "thumb":"https://yt3.ggpht.com/-9z3zkgQa0EA/AAAAAAAAAAI/AAAAAAAAAAA/lfLslolbTSo/s900-c-k-no/photo.jpg"
                },
                {
                    "title":"TV Ánh Sáng Tin Mừng",
                    "link":"youtube/user/tvastm/",
                    "thumb":"https://yt3.ggpht.com/-6N7S4lAtlcY/AAAAAAAAAAI/AAAAAAAAAAA/zfbxeyqB-BA/s100-c-k-no/photo.jpg"
                },
                {
                    "title":"Đức Mẹ TV",
                    "link":"youtube/user/chuacuuthe/",
                    "thumb":"https://yt3.ggpht.com/-PHyh2owsvVI/AAAAAAAAAAI/AAAAAAAAAAA/CSCG08ugYs8/s100-c-k-no/photo.jpg"
                },
                {
                    "title":"Đức Mẹ Măng Đen",
                    "link":"youtube/user/DucMeMangDen/",
                    "thumb":"https://yt3.ggpht.com/-zVjtwLFiLFc/AAAAAAAAAAI/AAAAAAAAAAA/ivaJVXBQci4/s100-c-k-no/photo.jpg"
                },
                {
                    "title":"KINH MÂN CÔI online",
                    "link":"youtube/user/kinhmancoionline/",
                    "thumb":"https://i.ytimg.com/i/IKlVgaDjb2KfSObJXz3QPw/mq1.jpg?v=535af988"
                },
                {
                    "title":"Phim Công Giáo",
                    "link":"youtube/user/PhimCongGiaoVN/",
                    "thumb":"https://yt3.ggpht.com/-59U49gjKfOM/AAAAAAAAAAI/AAAAAAAAAAA/34uZD3a1hGw/s100-c-k-no/photo.jpg"
                },
                {
                    "title":"Phim Công Giáo 2",
                    "link":"youtube/user/PhimCongGiao2/",
                    "thumb":"https://yt3.ggpht.com/-4UWkmlzv7fc/AAAAAAAAAAI/AAAAAAAAAAA/dh_vaADcv0c/s100-c-k-no/photo.jpg"
                },
                {
                    "title":"Thánh Ca",
                    "link":"youtube/user/ThanhCaHD/",
                    "thumb":"https://yt3.ggpht.com/-x-cwQlGRyXk/AAAAAAAAAAI/AAAAAAAAAAA/Q6vPxbClP_8/s100-c-k-no/photo.jpg"
                },
                {
                    "title":"Thánh Ca Không Lời",
                    "link":"youtube/user/Thanhcakhongloi/",
                    "thumb":"https://yt3.ggpht.com/-4eLIK5ngdW0/AAAAAAAAAAI/AAAAAAAAAAA/rHwIr6BSyWM/s100-c-k-no/photo.jpg"
                },
                {
                    "title":"Tin Lành TiVi",
                    "link":"youtube/user/tinlanhtv/",
                    "thumb":"https://yt3.ggpht.com/-4eLIK5ngdW0/AAAAAAAAAAI/AAAAAAAAAAA/rHwIr6BSyWM/s100-c-k-no/photo.jpg"
                },
                {
                    "title":"Tin Lành Orange",
                    "link":"youtube/channel/UCd8tHv1A1VsTL7WS9yQ3eGg/",
                    "thumb":"https://yt3.ggpht.com/-2ECGKlyOcXs/AAAAAAAAAAI/AAAAAAAAAAA/_B6GFtS_r_s/s88-c-k-no/photo.jpg"
                },
                {
                    "title":"Giảng Luận Cơ Đốc",
                    "link":"youtube/user/upnhacnee/",
                    "thumb":"https://yt3.ggpht.com/-9nRdIeow7aw/AAAAAAAAAAI/AAAAAAAAAAA/aMxu78kGd_E/s100-c-k-no/photo.jpg"
                },
                {
                    "title":"Thư viện Cơ Đốc",
                    "link":"youtube/user/cdnvn/",
                    "thumb":"https://yt3.ggpht.com/-DcrMxsBhbko/AAAAAAAAAAI/AAAAAAAAAAA/5JCZIV3gpY4/s100-c-k-no/photo.jpg"
                },
                {
                    "title":"Thánh Nhạc",
                    "link":"youtube/user/CDNVN00/",
                    "thumb":"https://yt3.ggpht.com/-aDi_OCOrMf8/AAAAAAAAAAI/AAAAAAAAAAA/tIrMBeN-tlk/s100-c-k-no/photo.jpg"
                },
                {
                    "title":"Thư Viện Phật Giáo",
                    "link":"youtube/user/thuvienphatgiao/",
                    "thumb":"https://yt3.ggpht.com/-SLo_z3GoP2E/AAAAAAAAAAI/AAAAAAAAAAA/GG1TE8Zq1is/s100-c-k-no/photo.jpg"
                },
                {
                    "title":"Niệm Phật Thành Phật",
                    "link":"youtube/user/NiemPhatThanhPhat/",
                    "thumb":"https://yt3.ggpht.com/-Oe6syKnrqxo/AAAAAAAAAAI/AAAAAAAAAAA/uaaoNivhY-o/s100-c-k-no/photo.jpg"
                },
                {
                    "title":"Phật Âm Video",
                    "link":"youtube/user/phatamvideo/",
                    "thumb":"https://yt3.ggpht.com/-KY58UjBUzaY/AAAAAAAAAAI/AAAAAAAAAAA/fyANa-_q8Ko/s100-c-k-no/photo.jpg"
                },
                {
                    "title":"Quy Y Tam Bảo",
                    "link":"youtube/user/TANGTRUNGTHANG/",
                    "thumb":"https://yt3.ggpht.com/-ynp0efOAlJE/AAAAAAAAAAI/AAAAAAAAAAA/ZtxAL8H82I4/s100-c-k-no/photo.jpg"
                },
                {
                    "title":"Phật Pháp Tăng",
                    "link":"youtube/channel/UCNE3UFyedJ_3_ZEiuZkioYw/",
                    "thumb":"https://yt3.ggpht.com/-i5WlZ8TnDBg/AAAAAAAAAAI/AAAAAAAAAAA/zAQrEvJoyko/s100-c-k-no/photo.jpg"
                },
                {
                    "title":"NAM MÔ A DI ĐÀ PHẬT",
                    "link":"youtube/user/nammoadidaphatnew/",
                    "thumb":"https://yt3.ggpht.com/-w8sj9zwWdMA/AAAAAAAAAAI/AAAAAAAAAAA/sUkb1Xo46c4/s100-c-k-no/photo.jpg"
                },
                {
                    "title":"Phật Pháp Nhiệm Màu",
                    "link":"youtube/channel/UCP9jSXwNXTEoql3cZSoI4Yw/",
                    "thumb":"https://yt3.ggpht.com/--C442Y2Ghhs/AAAAAAAAAAI/AAAAAAAAAAA/aztGD0jT3Lg/s100-c-k-no/photo.jpg"
                },
                {
                    "title":"Linh Minh Trạm Tịch",
                    "link":"youtube/user/nguynlinhtam/",
                    "thumb":"https://yt3.ggpht.com/-7WJnWWi8owk/AAAAAAAAAAI/AAAAAAAAAAA/YzO2d_DSPb0/s100-c-k-no/photo.jpg"
                },
                {
                    "title":"Phật Giáo Hòa Hảo",
                    "link":"youtube/user/nhatsonvan1981/",
                    "thumb":"https://yt3.ggpht.com/-3A0_rJhNi7c/AAAAAAAAAAI/AAAAAAAAAAA/Otscraje4Wc/s100-c-k-no/photo.jpg"
                },
                {
                    "title":"PHẬT GIÁO HÒA HẢO (PGHH)",
                    "link":"youtube/user/hoahao185/",
                    "thumb":"https://i.ytimg.com/i/lDgvlwsatUJX35e4L231ig/mq1.jpg?v=52082cba"
                },
                {
                    "title":"PHẬT GIÁO HÒA HẢO - PGHH",
                    "link":"youtube/user/nguoihoahao/",
                    "thumb":"https://i.ytimg.com/i/n2BiM8qvbIdlWkJeA7R4pw/mq1.jpg?v=52082e76"
                },
                {
                    "title":"PHẬT GIÁO HÒA HẢO (PGHH)",
                    "link":"youtube/user/giaolypghh/",
                    "thumb":"https://i.ytimg.com/i/TKSGwGxflSpi6_oIWY23lA/mq1.jpg?v=52082e09"
                },
                {
                    "title":"TỦ SÁCH NÓI CAO ĐÀI",
                    "link":"youtube/channel/UCtHYWzR7fBcqFMhgHw1nsNg/",
                    "thumb":"https://yt3.ggpht.com/-1gVhVh0GbFs/AAAAAAAAAAI/AAAAAAAAAAA/tFXC4AbiYDI/s100-c-k-no/photo.jpg"
                },
                {
                    "title":"Cao Đài Ban Chỉnh Đạo",
                    "link":"youtube/user/caodaibanchinhdaoorg/",
                    "thumb":"https://yt3.ggpht.com/-_v8eM_rmES0/AAAAAAAAAAI/AAAAAAAAAAA/eea3dRrhjjs/s100-c-k-no/photo.jpg"
                }
            ]
        },
        {
            "channel":1,
            "name":"Công Nghệ",
            "thumb":"congnghe.png",
            "items":[
                {
                    "title":"Tinh tế",
                    "link":"youtube/channel/UCyQobySFx_h9oFwsBV0KGdg/",
                    "thumb":"https://yt3.ggpht.com/-oBc9-DEN4qw/AAAAAAAAAAI/AAAAAAAAAAA/Z5O0uW0mgZE/s900-c-k-no/photo.jpg"
                },
                {
                    "title":"Cellphone S",
                    "link":"youtube/channel/UC9Pj0EUibBF295jWHRSDJqg/",
                    "thumb":"https://yt3.ggpht.com/-POkNWNyRvns/AAAAAAAAAAI/AAAAAAAAAAA/so5ehDQU-eU/s900-c-k-no/photo.jpg"
                },
                {
                    "title":"Vật Vờ",
                    "link":"youtube/user/xuanvinh1612/",
                    "thumb":"https://yt3.ggpht.com/-Tjk1b2MOtvo/AAAAAAAAAAI/AAAAAAAAAAA/WUVcTrGSBmw/s900-c-k-no/photo.jpg"
                },
                {
                    "title":"dReviews",
                    "link":"youtube/user/didongthongminh/",
                    "thumb":"https://yt3.ggpht.com/-1zYDqiOqGwE/AAAAAAAAAAI/AAAAAAAAAAA/4q0J17_vzC0/s900-c-k-no/photo.jpg"
                },
                {
                    "title":"ZChannel",
                    "link":"youtube/channel/UC1Hcb2oRf-ivz3xmXphhuQA/",
                    "thumb":"https://yt3.ggpht.com/-e4YLZ-FEUsw/AAAAAAAAAAI/AAAAAAAAAAA/xoDcONhQHVg/s900-c-k-no/photo.jpg"
                },
                {
                    "title":"Clickbuy's Channel",
                    "link":"youtube/user/ClickbuyChannel/",
                    "thumb":"https://yt3.ggpht.com/-vcvvPdhKISI/AAAAAAAAAAI/AAAAAAAAAAA/InbHUseljrI/s900-c-k-no/photo.jpg"
                },
                {
                    "title":"MaiNguyen.vn",
                    "link":"youtube/user/mainguyenluxury/",
                    "thumb":"https://yt3.ggpht.com/-Bi6-_uC6KIE/AAAAAAAAAAI/AAAAAAAAAAA/EPn8fT72IJo/s900-c-k-no/photo.jpg"
                },
                {
                    "title":"MaxMobile",
                    "link":"youtube/user/MaxMobilevn/",
                    "thumb":"https://yt3.ggpht.com/-COp5D8Hp8Ww/AAAAAAAAAAI/AAAAAAAAAAA/gOZP9qCjrs8/s900-c-k-no/photo.jpg"
                },
                {
                    "title":"Thế Giới Di Động",
                    "link":"youtube/user/TGDDVideoReviews/",
                    "thumb":"https://yt3.ggpht.com/-Z7Y-g5dylns/AAAAAAAAAAI/AAAAAAAAAAA/xOcNnjMurYQ/s900-c-k-no/photo.jpg"
                },
                {
                    "title":"FPTShop",
                    "link":"youtube/user/FPTShopcomvn/",
                    "thumb":"https://yt3.ggpht.com/-Iayk42VdVMk/AAAAAAAAAAI/AAAAAAAAAAA/JwEJC73Hcro/s900-c-k-no/photo.jpg"
                }
            ]
        },        
        {
            "channel":2,
            "name":"Tin Tức & TV Hải Ngoại",
            "thumb":"haingoai.png",
            "items":[        
                {
                    "title":"SBTN USA",
                    "link":"youtube/user/sbtnofficial/",
                    "thumb":"https://yt3.ggpht.com/-NavMi4il1D0/AAAAAAAAAAI/AAAAAAAAAAA/W6kcqJX-2ng/s900-c-k-no/photo.jpg"
                },
                {
                    "title":"SBTN Houston",
                    "link":"youtube/user/sbtnhosuton/",
                    "thumb":"https://yt3.ggpht.com/-NavMi4il1D0/AAAAAAAAAAI/AAAAAAAAAAA/W6kcqJX-2ng/s900-c-k-no/photo.jpg"
                },
                {
                    "title":"SBTN Boston",
                    "link":"youtube/user/newssbtnboston/",
                    "thumb":"https://yt3.ggpht.com/-NavMi4il1D0/AAAAAAAAAAI/AAAAAAAAAAA/W6kcqJX-2ng/s900-c-k-no/photo.jpg"
                },
                {
                    "title":"SBTN Canada",
                    "link":"youtube/user/thoibaocanada/",
                    "thumb":"https://yt3.ggpht.com/-NavMi4il1D0/AAAAAAAAAAI/AAAAAAAAAAA/W6kcqJX-2ng/s900-c-k-no/photo.jpg"
                },
                {
                    "title":"SBTN Úc Châu",
                    "link":"youtube/user/SBTNAUS/",
                    "thumb":"https://yt3.ggpht.com/-NavMi4il1D0/AAAAAAAAAAI/AAAAAAAAAAA/W6kcqJX-2ng/s900-c-k-no/photo.jpg"
                },
                {
                    "title":"SBTN Paris",
                    "link":"youtube/user/paris2013sbtn/",
                    "thumb":"https://yt3.ggpht.com/-NavMi4il1D0/AAAAAAAAAAI/AAAAAAAAAAA/W6kcqJX-2ng/s900-c-k-no/photo.jpg"
                },
                {
                    "title":"Người Việt Online",
                    "link":"youtube/user/NguoiVietOnline/",
                    "thumb":"https://yt3.ggpht.com/-0_ZjLGEkBPA/AAAAAAAAAAI/AAAAAAAAAAA/S8PzQJXlF70/s900-c-k-no/photo.jpg"
                },
                {
                    "title":"Phố Bolsa TV",
                    "link":"youtube/user/PhoBolsaTV/",
                    "thumb":"https://yt3.ggpht.com/-0OqAtBg-6Xs/AAAAAAAAAAI/AAAAAAAAAAA/tKmYrSQwJkA/s900-c-k-no/photo.jpg"
                },
                {
                    "title":"officialVietFaceTV",
                    "link":"youtube/user/officialVietFaceTV/",
                    "thumb":"https://yt3.ggpht.com/-kiw4Dr7e48A/AAAAAAAAAAI/AAAAAAAAAAA/_RCqVSmuv7g/s900-c-k-no/photo.jpg"
                },
                {
                    "title":"VA TV Online",
                    "link":"youtube/user/VATVONLINE/",
                    "thumb":"https://yt3.ggpht.com/-JV0Q23z7_D4/AAAAAAAAAAI/AAAAAAAAAAA/PIKsyBSv2_I/s900-c-k-no/photo.jpg"
                },
                {
                    "title":"LSTVNETWORKS",
                    "link":"youtube/user/LSTVNETWORK/",
                    "thumb":"https://yt3.ggpht.com/-83iMJNJZ-ng/AAAAAAAAAAI/AAAAAAAAAAA/bqxLBxg4Evs/s900-c-k-no/photo.jpg"
                },
                {
                    "title":"vietbaytv kaxt",
                    "link":"youtube/user/vietbaytv/",
                    "thumb":"https://yt3.ggpht.com/-RCJfRhg1JE8/AAAAAAAAAAI/AAAAAAAAAAA/xNfm_K1AzdI/s900-c-k-no/photo.jpg"
                },
                {
                    "title":"VIETV",
                    "link":"youtube/user/VIETVnetwork/",
                    "thumb":"https://yt3.ggpht.com/-muRXtJwaqiQ/AAAAAAAAAAI/AAAAAAAAAAA/MPCbudu_94k/s900-c-k-no/photo.jpg"
                },
                {
                    "title":"vietnewstelevision",
                    "link":"youtube/user/vietnewstelevision/",
                    "thumb":"https://yt3.ggpht.com/-lPY5X-wJc9U/AAAAAAAAAAI/AAAAAAAAAAA/E6wINJTnYR4/s900-c-k-no/photo.jpg"
                },
                {
                    "title":"Việt Weekly TV",
                    "link":"youtube/user/VietWeeklyEtc/",
                    "thumb":"https://yt3.ggpht.com/-kmn0IkQ4iQE/AAAAAAAAAAI/AAAAAAAAAAA/SQwNRjKfalk/s900-c-k-no/photo.jpg"
                },
                {
                    "title":"TDBroadcasting",
                    "link":"youtube/user/TDBroadcasting/",
                    "thumb":"https://yt3.ggpht.com/-2eQYcCkwhps/AAAAAAAAAAI/AAAAAAAAAAA/iZEpirxunPI/s900-c-k-no/photo.jpg"
                },
                {
                    "title":"VO MEDIA",
                    "link":"youtube/user/mrVOMedia/",
                    "thumb":"https://yt3.ggpht.com/-p6nLlvGDdDQ/AAAAAAAAAAI/AAAAAAAAAAA/G5-1dN-q0F8/s900-c-k-no/photo.jpg"
                },
                {
                    "title":"THOIBAO MEDIA",
                    "link":"youtube/user/thoibaocanada/",
                    "thumb":"https://yt3.ggpht.com/-JsbWaIAPPL0/AAAAAAAAAAI/AAAAAAAAAAA/LdkKLekyz-c/s900-c-k-no/photo.jpg"
                },
                {
                    "title":"NWVietnameseNews",
                    "link":"youtube/user/NWVietnameseNews/",
                    "thumb":"https://yt3.ggpht.com/-PNlPuHoLP34/AAAAAAAAAAI/AAAAAAAAAAA/0AJzs3aeRjw/s900-c-k-no/photo.jpg"
                },
                {
                    "title":"Truyenhinhvietnam1",
                    "link":"youtube/user/Truyenhinhvietnam1/",
                    "thumb":"https://yt3.ggpht.com/-JcJutLsj204/AAAAAAAAAAI/AAAAAAAAAAA/-U8mQZknB8o/s900-c-k-no/photo.jpg"
                },
                {
                    "title":"Quê Hương Media",
                    "link":"youtube/user/quehuongradio/",
                    "thumb":"https://yt3.ggpht.com/-Brru4xk_ptg/AAAAAAAAAAI/AAAAAAAAAAA/OWz6a-Rork4/s900-c-k-no/photo.jpg"
                },
                {
                    "title":"VTO",
                    "link":"youtube/user/1734ize/",
                    "thumb":"https://yt3.ggpht.com/-2eQYcCkwhps/AAAAAAAAAAI/AAAAAAAAAAA/iZEpirxunPI/s900-c-k-no/photo.jpg"
                },
                {
                    "title":"VOA Tiếng Việt",
                    "link":"youtube/user/VOATiengVietVideo/",
                    "thumb":"https://yt3.ggpht.com/-sfhK6n3he4I/AAAAAAAAAAI/AAAAAAAAAAA/pEpMYILQZEE/s900-c-k-no/photo.jpg"
                },
                {
                    "title":"BBC Tiếng Việt",
                    "link":"youtube/user/BBCVietnamese/",
                    "thumb":"https://yt3.ggpht.com/-moLwkodQ9aQ/AAAAAAAAAAI/AAAAAAAAAAA/BmBryiEgvlU/s900-c-k-no/photo.jpg"
                },
                {
                    "title":"RFAVietnamese",
                    "link":"youtube/user/RFAVietnamese/",
                    "thumb":"https://yt3.ggpht.com/-vw5BjKxTKu0/AAAAAAAAAAI/AAAAAAAAAAA/zRyNv3PR0EU/s900-c-k-no/photo.jpg"
                },
                {
                    "title":"Thư Viện Toàn Cầu (Dailymotion)",
                    "link":"ThuVienToanCau",
                    "thumb":"https://yt3.ggpht.com/-2eQYcCkwhps/AAAAAAAAAAI/AAAAAAAAAAA/iZEpirxunPI/s900-c-k-no/photo.jpg"
                }                
            ]
        },        
        {
            "channel":3,
            "name":"Tin Tức & TV Trong Nước",
            "thumb":"trongnuoc.png",
            "items":[                
                {
                    "title":"Truyền Hình Tuổi Trẻ",
                    "link":"youtube/user/TruyenHinhTuoiTre/",
                    "thumb":"https://yt3.ggpht.com/-ewcOF-SJcUY/AAAAAAAAAAI/AAAAAAAAAAA/XWQVwrrGiOo/s900-c-k-no/photo.jpg"
                },
                {
                    "title":"VTV - Đài Truyền hình Việt Nam",
                    "link":"youtube/user/VTVgo/",
                    "thumb":"https://yt3.ggpht.com/-KhR50S9e9bw/AAAAAAAAAAI/AAAAAAAAAAA/z2GNPhmuV3U/s900-c-k-no/photo.jpg"
                },
                {
                    "title":"KÊNH TRUYỀN HÌNH VTC14",
                    "link":"youtube/user/KenhTruyenHinhVTC14/",
                    "thumb":"https://yt3.ggpht.com/-p8JiSZ4FE0E/AAAAAAAAAAI/AAAAAAAAAAA/NPDRHA2WS7o/s900-c-k-no/photo.jpg"
                },
                {
                    "title":"Minh Express",
                    "link":"youtube/channel/UCfA4BYQdTPU9ItmQOauuFEQ/",
                    "thumb":"https://yt3.ggpht.com/-Y4KBUXGaQlg/AAAAAAAAAAI/AAAAAAAAAAA/niPF-OiMSCg/s900-c-k-no/photo.jpg"
                },
                {
                    "title":"Truyền hình Vĩnh Long",
                    "link":"youtube/user/VinhLongTV/",
                    "thumb":"https://yt3.ggpht.com/-O51CipV6Omc/AAAAAAAAAAI/AAAAAAAAAAA/Kti3FeONmxQ/s900-c-k-no/photo.jpg"
                },
                {
                    "title":"LET'S VIET TV",
                    "link":"youtube/user/letsvietvn/",
                    "thumb":"https://yt3.ggpht.com/-kCMMb9ul8eU/AAAAAAAAAAI/AAAAAAAAAAA/0QRsWgBeulA/s900-c-k-no/photo.jpg"
                },
                {
                    "title":"VTV4 on the Go",
                    "link":"youtube/user/VTV4go/",
                    "thumb":"https://yt3.ggpht.com/-_q1G7mD0LPE/AAAAAAAAAAI/AAAAAAAAAAA/b3cYpsg3M5w/s900-c-k-no/photo.jpg"
                },
                {
                    "title":"VTV Life",
                    "link":"youtube/user/VTVLife/",
                    "thumb":"https://yt3.ggpht.com/-SR29M71EKJ4/AAAAAAAAAAI/AAAAAAAAAAA/zvpNwwuqDLo/s900-c-k-no/photo.jpg"
                },
                {
                    "title":"POPSTVVIETNAM",
                    "link":"youtube/user/POPSTVVIETNAM/",
                    "thumb":"https://yt3.ggpht.com/-NTHCWGqYP-A/AAAAAAAAAAI/AAAAAAAAAAA/-zAmAen4S10/s900-c-k-no/photo.jpg"
                },
                {
                    "title":"VTCTube",
                    "link":"youtube/user/vtctv/",
                    "thumb":"https://yt3.ggpht.com/-kTqQb5aV8Cw/AAAAAAAAAAI/AAAAAAAAAAA/HXZRyGgsG1s/s900-c-k-no/photo.jpg"
                },
                {
                    "title":"Zing TV Official",
                    "link":"youtube/user/ZingTVVN/",
                    "thumb":"https://yt3.ggpht.com/-y0Ti2txHXuE/AAAAAAAAAAI/AAAAAAAAAAA/7mfP99wI-EA/s900-c-k-no/photo.jpg"
                },
                {
                    "title":"FAP TV",
                    "link":"youtube/user/FAPtivi/",
                    "thumb":"https://yt3.ggpht.com/-bR_nQqJQnWs/AAAAAAAAAAI/AAAAAAAAAAA/lKHB_DPfUeM/s900-c-k-no/photo.jpg"
                },
                {
                    "title":"Giải Trí TV",
                    "link":"youtube/user/ChannelGiaiTriTV/",
                    "thumb":"https://yt3.ggpht.com/-Kz5eDzYSB1Q/AAAAAAAAAAI/AAAAAAAAAAA/CcOf7ir6R4c/s900-c-k-no/photo.jpg"
                },
                {
                    "title":"htv2channel",
                    "link":"youtube/user/htv2channel/",
                    "thumb":"https://yt3.ggpht.com/-1sJaMJLa5hc/AAAAAAAAAAI/AAAAAAAAAAA/M5Ta4rdVUZU/s900-c-k-no/photo.jpg"
                },
                {
                    "title":"Yeah1 Family TV - VTC4",
                    "link":"youtube/channel/UCo_QG56Ijk2iklFgpUOVKIA/",
                    "thumb":"https://yt3.ggpht.com/-IooRCjdI894/AAAAAAAAAAI/AAAAAAAAAAA/fnR1hDHW-Vg/s900-c-k-no/photo.jpg"
                },
                {
                    "title":"YAN News",
                    "link":"youtube/user/YanNewsTube/",
                    "thumb":"https://yt3.ggpht.com/-O2NgRGyXJiw/AAAAAAAAAAI/AAAAAAAAAAA/nlB9Ag1CqWc/s900-c-k-no/photo.jpg"
                },
                {
                    "title":"YAN TV - Turns U on",
                    "link":"youtube/user/YanTvTurnsUon/",
                    "thumb":"https://i.ytimg.com/i/4mHBltQPpoveq5__L89cmA/mq1.jpg?v=9b1fdb"
                },
                {
                    "title":"VIETNAM NEWS AGENCY (Dailymotion)",
                    "link":"TTXVN",
                    "thumb":"http://s1.dmcdn.net/B5KxA/200x200-YO4.jpg"
                },
                {
                    "title":"Truyền Hình Tuổi Trẻ (Dailymotion)",
                    "link":"truyenhinhtuoitre",
                    "thumb":"http://s1.dmcdn.net/AVM/200x200-iwk.png"
                }                
            ]
        },        
        {
            "channel":4,
            "name":"Thiếu Nhi",
            "thumb":"thieunhi.png",
            "items":[                
                {
                    "title":"Thế Hệ Trẻ",
                    "link":"youtube/user/TheHeTreTV/",
                    "thumb":"https://yt3.ggpht.com/-ek7bg43CWEM/AAAAAAAAAAI/AAAAAAAAAAA/VhW4kZ2qKDU/s900-c-k-no/photo.jpg"
                },
                {
                    "title":"Gương Mặt Thân Quen Nhí",
                    "link":"youtube/user/GMTQNHI/",
                    "thumb":"https://yt3.ggpht.com/-ifgHAWhKyA4/AAAAAAAAAAI/AAAAAAAAAAA/S9_-B5uZ7DE/s900-c-k-no/photo.jpg"
                },
                {
                    "title":"POPS Kids",
                    "link":"youtube/user/popskids/",
                    "thumb":"https://yt3.ggpht.com/-qGfl3ZBn8XQ/AAAAAAAAAAI/AAAAAAAAAAA/wX0hVjPx74E/s900-c-k-no/photo.jpg"
                },
                {
                    "title":"Thiếu Nhi Nhạc",
                    "link":"youtube/user/thieunhinhac/",
                    "thumb":"https://yt3.ggpht.com/-igkwb1mDveI/AAAAAAAAAAI/AAAAAAAAAAA/11qLy4zH2UM/s900-c-k-no/photo.jpg"
                },
                {
                    "title":"Children's Music",
                    "link":"youtube/user/Childrenmusic1/",
                    "thumb":"https://yt3.ggpht.com/-A1YC6nCvEb8/AAAAAAAAAAI/AAAAAAAAAAA/0ZkrXMtwog8/s900-c-k-no/photo.jpg"
                },
                {
                    "title":"Cartoon Network",
                    "link":"youtube/user/cartoonnetwork/",
                    "thumb":"https://yt3.ggpht.com/-bqghK5VAO2I/AAAAAAAAAAI/AAAAAAAAAAA/HMEsmSxzbKg/s900-c-k-no/photo.jpg"
                },
                {
                    "title":"LittleBabyBum",
                    "link":"youtube/user/LittleBabyBum/",
                    "thumb":"https://yt3.ggpht.com/-KLfbkE3zovQ/AAAAAAAAAAI/AAAAAAAAAAA/gMZ_6qxvEXw/s900-c-k-no/photo.jpg"
                },
                {
                    "title":"Disney Cars Toy Club DCTC",
                    "link":"youtube/user/MaterCarClub/",
                    "thumb":"https://yt3.ggpht.com/-HSvqxhz7Fl4/AAAAAAAAAAI/AAAAAAAAAAA/u60wsSiJCjQ/s900-c-k-no/photo.jpg"
                },
                {
                    "title":"ABCkidTV",
                    "link":"youtube/user/checkgate/",
                    "thumb":"https://yt3.ggpht.com/-gn0wGBOL4hE/AAAAAAAAAAI/AAAAAAAAAAA/RRCSsKhYNL8/s900-c-k-no/photo.jpg"
                }
            ]
        },        
        {
            "channel":5,
            "name":"Ca Nhạc",
            "thumb":"canhac.png",
            "items":[                
                {
                    "title":"Thuý Nga Paris By Night Video Channel",
                    "link":"youtube/user/TNPBN/",
                    "thumb":"https://yt3.ggpht.com/-5RpDqAG3zlI/AAAAAAAAAAI/AAAAAAAAAAA/gdGz4yjPN2o/s900-c-k-no/photo.jpg"
                },
                {
                    "title":"Asia Entertainment Official",
                    "link":"youtube/user/TrungTamAsiaChannel/",
                    "thumb":"https://yt3.ggpht.com/-Kyi1-RpibLM/AAAAAAAAAAI/AAAAAAAAAAA/xfBnfdeHdQA/s900-c-k-no/photo.jpg"
                },
                {
                    "title":"Vân Sơn",
                    "link":"youtube/user/VanSonOnline/",
                    "thumb":"https://yt3.ggpht.com/-P-7c5VORh8g/AAAAAAAAAAI/AAAAAAAAAAA/0kvtHKMJIhY/s900-c-k-no/photo.jpg"
                },
                {
                    "title":"Bước Chân Hai Thế Hệ",
                    "link":"youtube/user/buocchanhaithehe/",
                    "thumb":"https://yt3.ggpht.com/-WZR8BBzJh7A/AAAAAAAAAAI/AAAAAAAAAAA/Oj9OH_Wo5D4/s900-c-k-no/photo.jpg"
                },
                {
                    "title":"POPS MUSIC",
                    "link":"youtube/user/POPSVIETNAM/",
                    "thumb":"https://yt3.ggpht.com/-P51VIiEjmcI/AAAAAAAAAAI/AAAAAAAAAAA/63ft2_5--dw/s900-c-k-no/photo.jpg"
                },
                {
                    "title":"Blueoceanmusic Channel",
                    "link":"youtube/user/blueoceanmusicusa/",
                    "thumb":"https://yt3.ggpht.com/-jaQb4jgaf64/AAAAAAAAAAI/AAAAAAAAAAA/v2y8pO3nHOI/s900-c-k-no/photo.jpg"
                },
                {
                    "title":"Nhạc Vàng Hải Ngoại",
                    "link":"youtube/user/NhacvietVEVO/",
                    "thumb":"https://yt3.ggpht.com/-B7mX-OXtHG0/AAAAAAAAAAI/AAAAAAAAAAA/D72sa-aHAlc/s900-c-k-no/photo.jpg"
                },
                {
                    "title":"ZingMp3 Official",
                    "link":"youtube/user/ZingMp3Official/",
                    "thumb":"https://yt3.ggpht.com/-f9Sk3pG2tLY/AAAAAAAAAAI/AAAAAAAAAAA/pD2v0uevycQ/s900-c-k-no/photo.jpg"
                },
                {
                    "title":"Nhạc Số Official Channel",
                    "link":"youtube/user/NhacsoOfficial/",
                    "thumb":"https://yt3.ggpht.com/-1dN0u81ik5Q/AAAAAAAAAAI/AAAAAAAAAAA/nUTTUDLztYo/s900-c-k-no/photo.jpg"
                },
                {
                    "title":"NhacCuaTui Official",
                    "link":"youtube/user/NhacCuaTuiOfficial/",
                    "thumb":"https://yt3.ggpht.com/-fX9CU8rebJw/AAAAAAAAAAI/AAAAAAAAAAA/hWL8qTz5OWI/s900-c-k-no/photo.jpg"
                },
                {
                    "title":"Đồng Giao",
                    "link":"youtube/user/DongGiaoOfficial/",
                    "thumb":"https://yt3.ggpht.com/-5TD-pJoIQRY/AAAAAAAAAAI/AAAAAAAAAAA/oBUSns1u68U/s900-c-k-no/photo.jpg"
                },
                {
                    "title":"Gala Nhạc Việt",
                    "link":"youtube/user/galanhacviet/",
                    "thumb":"https://yt3.ggpht.com/-frd5Yq1uW2o/AAAAAAAAAAI/AAAAAAAAAAA/6K-kArRuyx8/s900-c-k-no/photo.jpg"
                },
                {
                    "title":"Nhạc Vàng NTPlus",
                    "link":"youtube/user/NhacvangNTPlus/",
                    "thumb":"https://yt3.ggpht.com/-hstoHQkobg4/AAAAAAAAAAI/AAAAAAAAAAA/TSjKp0LL3ow/s900-c-k-no/photo.jpg"
                },
                {
                    "title":"YEAH1 MUSIC",
                    "link":"youtube/channel/UCI2OiZs5aVcyBUBVsgovzng/",
                    "thumb":"https://yt3.ggpht.com/-abAzr4hJT_k/AAAAAAAAAAI/AAAAAAAAAAA/VugyNDyHJTQ/s900-c-k-no/photo.jpg"
                },
                {
                    "title":"Lam Truong's Official Channel",
                    "link":"youtube/user/LamTruongOfficial/",
                    "thumb":"https://yt3.ggpht.com/-TML4bPZEg74/AAAAAAAAAAI/AAAAAAAAAAA/1NX_7_4BIMQ/s900-c-k-no/photo.jpg"
                },
                {
                    "title":"Mỹ Tâm",
                    "link":"youtube/user/MyTamOfficial/",
                    "thumb":"https://yt3.ggpht.com/-23H_UmmE7w0/AAAAAAAAAAI/AAAAAAAAAAA/bAKItI6ig7g/s900-c-k-no/photo.jpg"
                },
                {
                    "title":"Đàm Vĩnh Hưng",
                    "link":"youtube/user/DamVinhHungPOPS/",
                    "thumb":"https://yt3.ggpht.com/--DH0NDvG9PI/AAAAAAAAAAI/AAAAAAAAAAA/mtYd88XVNto/s900-c-k-no/photo.jpg"
                },
                {
                    "title":"Đan Trường",
                    "link":"youtube/user/DanTruongPOPS/",
                    "thumb":"https://yt3.ggpht.com/-EmARPzAPaw0/AAAAAAAAAAI/AAAAAAAAAAA/6sF8z6M2npQ/s900-c-k-no/photo.jpg"
                },
                {
                    "title":"Blue Ocean Music (Dailymotion)",
                    "link":"blueoceanmusic_chanel",
                    "thumb":"http://s2.dmcdn.net/CwbR6/200x200-4gc.jpg"
                }, 
                {
                    "title":"Ca Nhạc (Dailymotion)",
                    "link":"Music24h",
                    "thumb":"http://s2.dmcdn.net/G36Hz/200x200-_Bs.png"
                },  
                {
                    "title":"Ca Nhạc Việt Nam (Dailymotion)",
                    "link":"TaiSON1973",
                    "thumb":"http://s2.dmcdn.net/G6lNR/200x200-n2S.png"
                }                
            ]
        },        
        {
            "channel":6,
            "name":"Hát Karaoke",
            "thumb":"karaoke.png",
            "items":[
                {
                    "title":"ViCi Karaoke Online",
                    "link":"youtube/user/vcbuikara1993/",
                    "thumb":"https://yt3.ggpht.com/-Q1NvKYCgNns/AAAAAAAAAAI/AAAAAAAAAAA/i30SgMMA5Qo/s900-c-k-no/photo.jpg"
                },
                {
                    "title":"KARAOKE YOUSING FREE",
                    "link":"youtube/user/nguyenhoangthanh1/",
                    "thumb":"https://yt3.ggpht.com/-cDdnZ5DAoVE/AAAAAAAAAAI/AAAAAAAAAAA/jF9Gi8OPALg/s900-c-k-no/photo.jpg"
                },
                {
                    "title":"POOPS",
                    "link":"youtube/user/TNOTV1/",
                    "thumb":"https://yt3.ggpht.com/-qqIcJM3upps/AAAAAAAAAAI/AAAAAAAAAAA/y-ti4YCwJ6I/s900-c-k-no/photo.jpg"
                },
                {
                    "title":"Karaoke Tài Đức",
                    "link":"youtube/user/letaiducks/",
                    "thumb":"https://yt3.ggpht.com/-0GMc1qvwiVQ/AAAAAAAAAAI/AAAAAAAAAAA/MaKHTE969gg/s900-c-k-no/photo.jpg"
                },
                {
                    "title":"Lưu Huỳnh Đức Karaoke",
                    "link":"youtube/channel/UCqLIjOVf9_YMNeydzpEXf1w/",
                    "thumb":"https://yt3.ggpht.com/-2sLhGnw_hrs/AAAAAAAAAAI/AAAAAAAAAAA/mev3GWoSsDM/s900-c-k-no/photo.jpg"
                },
                {
                    "title":"Karaoke Thành Lý",
                    "link":"youtube/channel/UCvfYGLpsIShZvMFAIubbo4Q/",
                    "thumb":"https://yt3.ggpht.com/-ZaNOfE3Ud-8/AAAAAAAAAAI/AAAAAAAAAAA/pyRk0Pj9ZFY/s900-c-k-no/photo.jpg"
                },
                {
                    "title":"Trần Khánh Linh KaRa Organ",
                    "link":"youtube/channel/UCwnnS6DdCQ8VOr4SH4CbV1Q/",
                    "thumb":"https://yt3.ggpht.com/-GLumO2vhKyU/AAAAAAAAAAI/AAAAAAAAAAA/Gq-6hebxNPE/s900-c-k-no/photo.jpg"
                },
                {
                    "title":"Nguyễn Tấn Lực",
                    "link":"youtube/user/NguyenTanLuc2/",
                    "thumb":"https://yt3.ggpht.com/-tZy1P6X3hdI/AAAAAAAAAAI/AAAAAAAAAAA/hqajp1UXXOA/s900-c-k-no/photo.jpg"
                },
                {
                    "title":"DuongThuong Kara",
                    "link":"youtube/channel/UCN0AKDjI-TIbAmUGdS9Rc0A/",
                    "thumb":"https://yt3.ggpht.com/-zAHGNzse5q4/AAAAAAAAAAI/AAAAAAAAAAA/1XGU53mOZjU/s900-c-k-no/photo.jpg"
                },
                {
                    "title":"Nguyễn Thanh Kara",
                    "link":"youtube/user/nhacsongnguyenthanh/",
                    "thumb":"https://yt3.ggpht.com/-zh7qtQ9dDaw/AAAAAAAAAAI/AAAAAAAAAAA/K8-F3m8cX0c/s900-c-k-no/photo.jpg"
                },
                {
                    "title":"Karaoke Phạm Văn Vàng",
                    "link":"youtube/user/karaokephamvanvang/",
                    "thumb":"https://yt3.ggpht.com/-m9qQc9UdQMQ/AAAAAAAAAAI/AAAAAAAAAAA/IEfzvgGBtkw/s900-c-k-no/photo.jpg"
                },
                {
                    "title":"KaraokeOnVEVO",
                    "link":"youtube/user/KaraokeOnVEVO/",
                    "thumb":"https://yt3.ggpht.com/-CyAdZgF4lts/AAAAAAAAAAI/AAAAAAAAAAA/c181cY8p6Lc/s900-c-k-no/photo.jpg"
                },
                {
                    "title":"TheKARAOKEChannel",
                    "link":"youtube/user/TheKARAOKEChannel/",
                    "thumb":"https://yt3.ggpht.com/-8Ee1BcZtW7g/AAAAAAAAAAI/AAAAAAAAAAA/JqoBo946g0Q/s900-c-k-no/photo.jpg"
                },
                {
                    "title":"Sing King Karaoke",
                    "link":"youtube/user/singkingkaraoke/",
                    "thumb":"https://yt3.ggpht.com/-RQAPMaxL1gE/AAAAAAAAAAI/AAAAAAAAAAA/zawPgoguLwI/s900-c-k-no/photo.jpg"
                },
                {
                    "title":"singsongsmusic",
                    "link":"youtube/user/singsongsmusic/",
                    "thumb":"https://yt3.ggpht.com/-iu_A8aYydvs/AAAAAAAAAAI/AAAAAAAAAAA/kXj4XMpmVnI/s900-c-k-no/photo.jpg"
                }
            ]
        },        
        {
            "channel":7,
            "name":"Cải Lương",
            "thumb":"cailuong.png",
            "items":[                
                {
                    "title":"Lệ Thuỷ",
                    "link":"youtube/user/micovn/",
                    "thumb":"https://yt3.ggpht.com/-k07y369NZJ4/AAAAAAAAAAI/AAAAAAAAAAA/n0RrcKyNy58/s900-c-k-no/photo.jpg"
                },
                {
                    "title":"Cải Lương Chi Bảo",
                    "link":"youtube/user/fukudahoushin1/",
                    "thumb":"https://yt3.ggpht.com/-Jgm_rporxQc/AAAAAAAAAAI/AAAAAAAAAAA/JZOnjosaiI4/s900-c-k-no/photo.jpg"
                },
                {
                    "title":"Ngọc Huyền",
                    "link":"youtube/user/NgocHuyenZone/",
                    "thumb":"https://yt3.ggpht.com/-gazkezY6KSM/AAAAAAAAAAI/AAAAAAAAAAA/_qhpqFR4h3g/s900-c-k-no/photo.jpg"
                },
                {
                    "title":"Cải Lương Việt Nam",
                    "link":"youtube/channel/UCM85iZlQzyEV3Ag9Bh2v54A/",
                    "thumb":"https://yt3.ggpht.com/-ppc3yR2CQmI/AAAAAAAAAAI/AAAAAAAAAAA/e_etD9lJARM/s900-c-k-no/photo.jpg"
                },
                {
                    "title":"Việt Nam Cải Lương",
                    "link":"youtube/channel/UCYK1xo7CRbGIhNyfz4MyGkQ/",
                    "thumb":"https://yt3.ggpht.com/-0xgCmWo2Wko/AAAAAAAAAAI/AAAAAAAAAAA/wYC99g73lXc/s900-c-k-no/photo.jpg"
                },
                {
                    "title":"Cải Lương Online",
                    "link":"youtube/channel/UCPR1RT-nvozDhweXtHh6Zkw/",
                    "thumb":"https://yt3.ggpht.com/-IG4bcV8VDDg/AAAAAAAAAAI/AAAAAAAAAAA/fkUh-d6e1_o/s900-c-k-no/photo.jpg"
                },
                {
                    "title":"Cải Lương Miền Nam",
                    "link":"youtube/channel/UCMKsP2qCocvWTDP5hfNm_Tw/",
                    "thumb":"https://yt3.ggpht.com/-3FdTzSA9M9c/AAAAAAAAAAI/AAAAAAAAAAA/25l4n326AiM/s900-c-k-no/photo.jpg"
                },
                {
                    "title":"Tân Cổ Giao Duyên 1",
                    "link":"youtube/user/tancogiaoduyencp/",
                    "thumb":"https://yt3.ggpht.com/-U_3jmE24l8Y/AAAAAAAAAAI/AAAAAAAAAAA/Rrj_bE77RHs/s900-c-k-no/photo.jpg"
                },                
                {
                    "title":"Tân Cổ Giao Duyên 2",
                    "link":"youtube/user/trutinhvietnam2014/",
                    "thumb":"https://yt3.ggpht.com/-xsD4V4gXkC0/AAAAAAAAAAI/AAAAAAAAAAA/u1dCqGETfgI/s900-c-k-no/photo.jpg"
                },
                {
                    "title":"Cải Lương Tôi Yêu",
                    "link":"youtube/user/cailuongtoiyeutv/",
                    "thumb":"https://yt3.ggpht.com/-yzcjQUBvOPg/AAAAAAAAAAI/AAAAAAAAAAA/CJtoChtohL8/s900-c-k-no/photo.jpg"
                },
                {
                    "title":"Con Hạc Miền Nam",
                    "link":"youtube/user/conhacmiennam/",
                    "thumb":"https://yt3.ggpht.com/-jhP2UZ2K1qA/AAAAAAAAAAI/AAAAAAAAAAA/L0MYsrxCXHU/s900-c-k-no/photo.jpg"
                },
                {
                    "title":"Kênh Cải Lương",
                    "link":"youtube/channel/UCWO6xsEFVQ9ClWOhHSbWSFw/",
                    "thumb":"https://yt3.ggpht.com/-Ik6ADmbfueM/AAAAAAAAAAI/AAAAAAAAAAA/AAvHr7sjkvc/s900-c-k-no/photo.jpg"
                },
                {
                    "title":"Tân Cổ Channel",
                    "link":"youtube/user/vipprosadec/",
                    "thumb":"https://yt3.ggpht.com/-u7ADSxtgKO0/AAAAAAAAAAI/AAAAAAAAAAA/6XkirivKQ2E/s900-c-k-no/photo.jpg"
                },
                {
                    "title":"Cải Lương 1",
                    "link":"youtube/channel/UCcUyBre7IIdskndDbBe_dRg/",
                    "thumb":"https://yt3.ggpht.com/-Gw1NccKFKoo/AAAAAAAAAAI/AAAAAAAAAAA/kzz_zDLcMtY/s900-c-k-no/photo.jpg"
                },
                {
                    "title":"Cải Lương 2",
                    "link":"youtube/channel/UCrfhSe0PnEYb-Y_ARusKwHQ/",
                    "thumb":"https://yt3.ggpht.com/-HwZMOdFDtf4/AAAAAAAAAAI/AAAAAAAAAAA/a_5cmy8ECn8/s900-c-k-no/photo.jpg"
                },
                {
                    "title":"Cải Lương 3",
                    "link":"youtube/user/sirnguyenhha/",
                    "thumb":"https://yt3.ggpht.com/-H7ba2IdFkWg/AAAAAAAAAAI/AAAAAAAAAAA/iBMHjZPgh2w/s900-c-k-no/photo.jpg"
                },
                {
                    "title":"Cải Lương 4",
                    "link":"youtube/channel/UCvrb2yJttwWhuTCiuCpvYMw/",
                    "thumb":"https://yt3.ggpht.com/-0s8vdZgOCqg/AAAAAAAAAAI/AAAAAAAAAAA/0DRy_rlWUCA/s900-c-k-no/photo.jpg"
                },
                {
                    "title":"Cải Lương 5",
                    "link":"youtube/user/MrMinhRang/",
                    "thumb":"https://yt3.ggpht.com/-c9Uw8qpWbBk/AAAAAAAAAAI/AAAAAAAAAAA/ThnMMHlF9as/s900-c-k-no/photo.jpg"
                }
            ]
        },     
        {
            "channel":8,
            "name":"Hài Kịch & Talk Shows",
            "thumb":"haikich.png",
            "items":[                
                {
                    "title":"Smart Media - Sitcom",
                    "link":"youtube/user/tiembanhhoangtube/",
                    "thumb":"https://yt3.ggpht.com/-zcpEkDU5vBU/AAAAAAAAAAI/AAAAAAAAAAA/um8AnZ6x0LY/s900-c-k-no/photo.jpg"
                },               
                {
                    "title":"Ơn giời cậu đây rồi",
                    "link":"youtube/user/ONGIOICAUDAYROIVTV3/",
                    "thumb":"https://yt3.ggpht.com/-Oj69f0Oau1U/AAAAAAAAAAI/AAAAAAAAAAA/w_3K2bm8XBw/s900-c-k-no/photo.jpg"
                },
                {
                    "title":"5sonlinevietnam",
                    "link":"youtube/user/5sonlinevietnam/",
                    "thumb":"https://yt3.ggpht.com/-wfuM7XK1ZHk/AAAAAAAAAAI/AAAAAAAAAAA/khmtfMcO97Q/s900-c-k-no/photo.jpg"
                },
                {
                    "title":"Càfe Cười",
                    "link":"youtube/user/cafecuoisenvang/",
                    "thumb":"https://yt3.ggpht.com/-zScpsYu-kE0/AAAAAAAAAAI/AAAAAAAAAAA/0pJBM3zvOhY/s900-c-k-no/photo.jpg"
                },
                {
                    "title":"YEAH1TV",
                    "link":"youtube/user/2idolshow/",
                    "thumb":"https://yt3.ggpht.com/-nzeruT2sJnQ/AAAAAAAAAAI/AAAAAAAAAAA/Zq_xBKRC-f4/s900-c-k-no/photo.jpg"
                },
                {
                    "title":"mcvietthao",
                    "link":"youtube/user/mcvietthao/",
                    "thumb":"https://yt3.ggpht.com/-0VvIgN8_KcA/AAAAAAAAAAI/AAAAAAAAAAA/iXTccSNkaHQ/s900-c-k-no/photo.jpg"
                },
                {
                    "title":"Vân Sơn Hài Collection (Dailymotion)",
                    "link":"danduphim88",
                    "thumb":"http://s1.dmcdn.net/AVM/200x200-iwk.png"
                }                
            ]
        },        
        {
            "channel":9,
            "name":"TV Shows",
            "thumb":"tvshows.png",
            "items":[                
                {
                    "title":"VTV Showbiz",
                    "link":"youtube/user/VTVShowbiz/",
                    "thumb":"https://yt3.ggpht.com/-4gcy2uYPaFM/AAAAAAAAAAI/AAAAAAAAAAA/OgTIcYKvXwU/s900-c-k-no/photo.jpg"
                },
                {
                    "title":"SoYouThinkYouCanDance Vietnam",
                    "link":"youtube/user/sytycdvn/",
                    "thumb":"https://yt3.ggpht.com/-PuafojENrjw/AAAAAAAAAAI/AAAAAAAAAAA/8QLze4wjxCo/s900-c-k-no/photo.jpg"
                },
                {
                    "title":"Bếp Hát",
                    "link":"youtube/user/bephatvn/",
                    "thumb":"https://yt3.ggpht.com/-ZAnDPfK8PpU/AAAAAAAAAAI/AAAAAAAAAAA/dYYB6fMM0lg/s900-c-k-no/photo.jpg"
                },
                {
                    "title":"Vui Ơi Là Vui",
                    "link":"youtube/user/gameshowVuiOiLaVui/",
                    "thumb":"https://yt3.ggpht.com/-yV_STK9c1hs/AAAAAAAAAAI/AAAAAAAAAAA/UsLdd_gOhBE/s900-c-k-no/photo.jpg"
                },
                {
                    "title":"Cười Là Thua",
                    "link":"youtube/channel/UCGhoqIuOFPYneUs-Dnp1TVQ/",
                    "thumb":"https://yt3.ggpht.com/-2vfg-jUVIHk/AAAAAAAAAAI/AAAAAAAAAAA/jnnHhw8X-o4/s900-c-k-no/photo.jpg"
                },
                {
                    "title":"NGƯỜI BÍ ẨN",
                    "link":"youtube/user/TVSHOWNGUOIBIAN/",
                    "thumb":"https://yt3.ggpht.com/-eD9IQahiO0s/AAAAAAAAAAI/AAAAAAAAAAA/vEewRpA3Mnc/s900-c-k-no/photo.jpg"
                },
                {
                    "title":"VNsGotTalent",
                    "link":"youtube/user/VNsGotTalent/",
                    "thumb":"https://yt3.ggpht.com/-P-YUAVzbVsE/AAAAAAAAAAI/AAAAAAAAAAA/aiVkzaExnoQ/s900-c-k-no/photo.jpg"
                },
                {
                    "title":"Nhân Tố Bí Ẩn",
                    "link":"youtube/user/nhantobianvietnam/",
                    "thumb":"https://yt3.ggpht.com/-o-qOvJ4Hnpo/AAAAAAAAAAI/AAAAAAAAAAA/9Czjt9gZrtU/s900-c-k-no/photo.jpg"
                },
                {
                    "title":"Bước Nhảy Hoàn Vũ Nhí",
                    "link":"youtube/user/btcbuocnhayhoanvunhi/",
                    "thumb":"https://yt3.ggpht.com/-IIgMk2z8oGA/AAAAAAAAAAI/AAAAAAAAAAA/JEfDrRX0xUU/s900-c-k-no/photo.jpg"
                },
                {
                    "title":"vuadaubepvietnam",
                    "link":"youtube/user/vuadaubepvietnam/",
                    "thumb":"https://yt3.ggpht.com/-dlhUjfoNt3M/AAAAAAAAAAI/AAAAAAAAAAA/2IvSXsWFrro/s900-c-k-no/photo.jpg"
                },
                {
                    "title":"Ai Là Triệu Phú",
                    "link":"youtube/user/ailatrieuphufull/",
                    "thumb":"https://yt3.ggpht.com/-C7PGhXEpqXU/AAAAAAAAAAI/AAAAAAAAAAA/xox2zcGVW6E/s900-c-k-no/photo.jpg"
                },
                {
                    "title":"VLOG Truyền Hình",
                    "link":"youtube/user/VLOGTruyenHinh/",
                    "thumb":"https://yt3.ggpht.com/-NyNKUFugoLc/AAAAAAAAAAI/AAAAAAAAAAA/9IOrd_h_WoM/s900-c-k-no/photo.jpg"
                },
                {
                    "title":"CuocDuaKyThuVN",
                    "link":"youtube/user/CuocDuaKyThuVN/",
                    "thumb":"https://yt3.ggpht.com/-hfhpskRQQho/AAAAAAAAAAI/AAAAAAAAAAA/vd6S6Al8Cog/s900-c-k-no/photo.jpg"
                },
                {
                    "title":"Học Viện Ngôi Sao",
                    "link":"youtube/user/HocVienNgoiSao/",
                    "thumb":"https://yt3.ggpht.com/-Gl3PTXXq9RQ/AAAAAAAAAAI/AAAAAAAAAAA/sAgYOOdKfqE/s900-c-k-no/photo.jpg"
                },
                {
                    "title":"Endemol",
                    "link":"youtube/user/YFSFVietnam/",
                    "thumb":"https://yt3.ggpht.com/-wSbiH8ES9W8/AAAAAAAAAAI/AAAAAAAAAAA/He9QFYs2zaE/s900-c-k-no/photo.jpg"
                },
                {
                    "title":"Vũ Điệu Tuổi Xanh",
                    "link":"youtube/user/VuDieuTuoiXanh/",
                    "thumb":"https://yt3.ggpht.com/-5SY4bIK3Bzc/AAAAAAAAAAI/AAAAAAAAAAA/DsfhgWI4d0Y/s900-c-k-no/photo.jpg"
                },
                {
                    "title":"Đọ Sức Âm Nhạc",
                    "link":"youtube/user/dosucamnhac/",
                    "thumb":"https://yt3.ggpht.com/-eVJG_SeYZTA/AAAAAAAAAAI/AAAAAAAAAAA/1H6VBpY56qI/s900-c-k-no/photo.jpg"
                },
                {
                    "title":"Linh PT",
                    "link":"youtube/user/GiongHatViet1/",
                    "thumb":"https://yt3.ggpht.com/-_FyIWYcg0ZI/AAAAAAAAAAI/AAAAAAAAAAA/PWKIQyxlgXA/s900-c-k-no/photo.jpg"
                },
                {
                    "title":"Tuyệt Đỉnh Tranh Tài",
                    "link":"youtube/user/tuyetdinhtranhtaiTV/",
                    "thumb":"https://yt3.ggpht.com/-oE8VzRPCOo4/AAAAAAAAAAI/AAAAAAAAAAA/PmnyJFPaH-g/s900-c-k-no/photo.jpg"
                },
                {
                    "title":"Vietnam Idol",
                    "link":"youtube/user/vietnamidol3/",
                    "thumb":"https://yt3.ggpht.com/-Lpum5AtdPmk/AAAAAAAAAAI/AAAAAAAAAAA/y90HILn9J2M/s900-c-k-no/photo.jpg"
                },
                {
                    "title":"NhanToBiAn",
                    "link":"youtube/user/NhanToBiAn1/",
                    "thumb":"https://yt3.ggpht.com/--06wj7KRAys/AAAAAAAAAAI/AAAAAAAAAAA/xyn1ypL-Yfk/s900-c-k-no/photo.jpg"
                }
            ]
        },        
        {
            "channel":10,
            "name":"Thể Thao & Thể Dục",
            "thumb":"thethao.png",
            "items":[                
                {
                    "title":"Trang Nguyen",
                    "link":"youtube/channel/UCplLrzVkLP31D0ymZ_q333A/",
                    "thumb":"https://yt3.ggpht.com/-HMKdtAnJVKk/AAAAAAAAAAI/AAAAAAAAAAA/AAtOzy-CpiY/s900-c-k-no/photo.jpg"
                },
                {
                    "title":"Thọ Lê",
                    "link":"youtube/channel/UC3neDQB3isgEr0FqQyUJ44Q/",
                    "thumb":"https://yt3.ggpht.com/-z5XMxXNTKg0/AAAAAAAAAAI/AAAAAAAAAAA/u4bGgw06Umw/s900-c-k-no/photo.jpg"
                },
                {
                    "title":"thẩm mỹ Thể dục",
                    "link":"youtube/channel/UCMd8pzGXMqFjdZSogx_Oy6Q/",
                    "thumb":"https://yt3.ggpht.com/-234DE5QcsD4/AAAAAAAAAAI/AAAAAAAAAAA/jM96GtlQu0k/s900-c-k-no/photo.jpg"
                },
                {
                    "title":"Vovinam Thái Nguyên",
                    "link":"youtube/user/thanhnienxungkich/",
                    "thumb":"https://yt3.ggpht.com/-bcjAot9Sndo/AAAAAAAAAAI/AAAAAAAAAAA/1Ra1XoYYX_w/s900-c-k-no/photo.jpg"
                },
                {
                    "title":"VovinamEngland",
                    "link":"youtube/user/VovinamEngland/",
                    "thumb":"https://yt3.ggpht.com/-2-O2gBzx3Ik/AAAAAAAAAAI/AAAAAAAAAAA/G7gY4mfElWw/s900-c-k-no/photo.jpg"
                },
                {
                    "title":"Thethao247vn",
                    "link":"youtube/user/Thethao247vn/",
                    "thumb":"https://yt3.ggpht.com/-GxwSoVnU5Fs/AAAAAAAAAAI/AAAAAAAAAAA/hYVSpOEbcn0/s900-c-k-no/photo.jpg"
                },
                {
                    "title":"nhỏ Cu tí",
                    "link":"youtube/user/cutinhofull/",
                    "thumb":"https://yt3.ggpht.com/--dLmB2MIaQ8/AAAAAAAAAAI/AAAAAAAAAAA/l5zN1sBVF70/s900-c-k-no/photo.jpg"
                },
                {
                    "title":"Báo Bóng Đá",
                    "link":"youtube/user/bongdaplustv/",
                    "thumb":"https://yt3.ggpht.com/-vGHKGf614v4/AAAAAAAAAAI/AAAAAAAAAAA/pSW0obxPXqo/s900-c-k-no/photo.jpg"
                },
                {
                    "title":"VTV Sport",
                    "link":"youtube/user/VTVSport/",
                    "thumb":"https://yt3.ggpht.com/-VGtjMhZXlDY/AAAAAAAAAAI/AAAAAAAAAAA/nFQYBU9OY9A/s900-c-k-no/photo.jpg"
                },
                {
                    "title":"Olympics",
                    "link":"youtube/user/olympic/",
                    "thumb":"https://yt3.ggpht.com/-AW93TLngzTI/AAAAAAAAAAI/AAAAAAAAAAA/HyeBYcDRhUY/s900-c-k-no/photo.jpg"
                },
                {
                    "title":"Allsports Athletics",
                    "link":"youtube/user/AllSportsAthletics/",
                    "thumb":"https://yt3.ggpht.com/-rHvws1zmHZ8/AAAAAAAAAAI/AAAAAAAAAAA/xY_o_5S8NFo/s900-c-k-no/photo.jpg"
                },
                {
                    "title":"ESPN",
                    "link":"youtube/user/ESPN/",
                    "thumb":"https://yt3.ggpht.com/-yOoKXdob9y8/AAAAAAAAAAI/AAAAAAAAAAA/O9ATiv9wGJ0/s900-c-k-no/photo.jpg"
                },
                {
                    "title":"WWE",
                    "link":"youtube/user/WWEFanNation/",
                    "thumb":"https://yt3.ggpht.com/-5PUl_QbabAQ/AAAAAAAAAAI/AAAAAAAAAAA/MbgCFPQeJrQ/s900-c-k-no/photo.jpg"
                },
                {
                    "title":"HBOBoxing",
                    "link":"youtube/user/HBOsports/",
                    "thumb":"https://yt3.ggpht.com/-xspd8uYupTc/AAAAAAAAAAI/AAAAAAAAAAA/UTwanzEE9iM/s900-c-k-no/photo.jpg"
                },
                {
                    "title":"Glovesgymabc Gloves",
                    "link":"youtube/channel/UCYGlQcpAY_2UxEOCxTd1k5Q/",
                    "thumb":"https://yt3.ggpht.com/-cUcsui_OlOw/AAAAAAAAAAI/AAAAAAAAAAA/UyAAn6EKuts/s900-c-k-no/photo.jpg"
                },
                {
                    "title":"Kings of Boxing",
                    "link":"youtube/user/2112wildcat/",
                    "thumb":"https://yt3.ggpht.com/-PHv-PAi0gVM/AAAAAAAAAAI/AAAAAAAAAAA/fEbFwnH5G3E/s900-c-k-no/photo.jpg"
                },
                {
                    "title":"NBA",
                    "link":"youtube/user/NBA/",
                    "thumb":"https://yt3.ggpht.com/-iykIxE6HFpM/AAAAAAAAAAI/AAAAAAAAAAA/qho7mLdsPLc/s900-c-k-no/photo.jpg"
                },
                {
                    "title":"Football News",
                    "link":"youtube/user/FootballNewsUS/",
                    "thumb":"https://yt3.ggpht.com/-TjTIYGhSkWI/AAAAAAAAAAI/AAAAAAAAAAA/ixoe-gtWhuU/s900-c-k-no/photo.jpg"
                },
                {
                    "title":"Swimming World",
                    "link":"youtube/user/SwimmingWorldSPI/",
                    "thumb":"https://yt3.ggpht.com/-awd9mBOKB8U/AAAAAAAAAAI/AAAAAAAAAAA/o5-d3BFJIT4/s900-c-k-no/photo.jpg"
                },
                {
                    "title":"USA Swimming",
                    "link":"youtube/user/USASwimmingOrg/",
                    "thumb":"https://yt3.ggpht.com/-cmqYx-vQBA0/AAAAAAAAAAI/AAAAAAAAAAA/TM6jRMTXPE8/s900-c-k-no/photo.jpg"
                },
                {
                    "title":"US Open Tennis Championships",
                    "link":"youtube/user/USOPEN/",
                    "thumb":"https://yt3.ggpht.com/-Vvz633uOcJk/AAAAAAAAAAI/AAAAAAAAAAA/LTO0b1axS_c/s900-c-k-no/photo.jpg"
                },
                {
                    "title":"Australian Open TV",
                    "link":"youtube/user/australianopentv/",
                    "thumb":"https://yt3.ggpht.com/-yRCj_d3qGGo/AAAAAAAAAAI/AAAAAAAAAAA/yc3iJKhcYCU/s900-c-k-no/photo.jpg"
                },
                {
                    "title":"Tin Thể Thao (Dailymotion)",
                    "link":"johny_huy",
                    "thumb":"http://s1.dmcdn.net/AVM/200x200-iwk.png"
                }                
            ]
        },     
        {
            "channel":11,
            "name":"Du Lịch & Cuộc Sống",
            "thumb":"dulich.png",
            "items":[                
                {
                    "title":"Dulich HoanMy",
                    "link":"youtube/user/DulichHoanmy/",
                    "thumb":"https://yt3.ggpht.com/-3FoSQn9MAsA/AAAAAAAAAAI/AAAAAAAAAAA/NVkgOH-zNao/s900-c-k-no/photo.jpg"
                },
                {
                    "title":"Du lịch Việt Nam",
                    "link":"youtube/user/apttravelgroup/",
                    "thumb":"https://yt3.ggpht.com/-agNCdY70020/AAAAAAAAAAI/AAAAAAAAAAA/GQf0p-09lC0/s900-c-k-no/photo.jpg"
                },
                {
                    "title":"Du lịch Thái Lan",
                    "link":"youtube/user/tourthailan/",
                    "thumb":"https://yt3.ggpht.com/-HC1Y-5R6qzw/AAAAAAAAAAI/AAAAAAAAAAA/lKSZBgpylsc/s900-c-k-no/photo.jpg"
                },
                {
                    "title":"Văn hóa Việt Nam",
                    "link":"youtube/user/vanhoaviettv/",
                    "thumb":"https://yt3.ggpht.com/-LDGMuh3MdoI/AAAAAAAAAAI/AAAAAAAAAAA/iO28nr07XjU/s900-c-k-no/photo.jpg"
                },
                {
                    "title":"Khám Phá Việt Nam",
                    "link":"youtube/user/KhamPhaVietNamVTV/",
                    "thumb":"https://yt3.ggpht.com/-zSXvV_lPPkY/AAAAAAAAAAI/AAAAAAAAAAA/DvETKQwq0aA/s900-c-k-no/photo.jpg"
                },
                {
                    "title":"Du Lịch Đất Việt",
                    "link":"youtube/user/datviettour198/",
                    "thumb":"https://yt3.ggpht.com/-Z7RuGVVT83c/AAAAAAAAAAI/AAAAAAAAAAA/IPx-z04Lw6w/s900-c-k-no/photo.jpg"
                },
                {
                    "title":"Du Lịch Khát Vọng Việt",
                    "link":"youtube/user/dulichkhatvongviet/",
                    "thumb":"https://yt3.ggpht.com/-7PsjzfEy3xo/AAAAAAAAAAI/AAAAAAAAAAA/Pbu9k95SryI/s900-c-k-no/photo.jpg"
                },
                {
                    "title":"Du Lich Phu Quoc",
                    "link":"youtube/user/phuquoctravelonline/",
                    "thumb":"https://yt3.ggpht.com/-HpDrihf9_LE/AAAAAAAAAAI/AAAAAAAAAAA/pkA1bQpNkrY/s900-c-k-no/photo.jpg"
                },
                {
                    "title":"Du Lịch Anz",
                    "link":"youtube/user/dulichanz2/",
                    "thumb":"https://yt3.ggpht.com/-NrXg4GPE56s/AAAAAAAAAAI/AAAAAAAAAAA/jX7s0D-TpII/s900-c-k-no/photo.jpg"
                },
                {
                    "title":"Đi Du Lịch",
                    "link":"youtube/user/DiDuLichOnline/",
                    "thumb":"https://yt3.ggpht.com/-qmg0Avn_jO4/AAAAAAAAAAI/AAAAAAAAAAA/78-FVELhpxg/s900-c-k-no/photo.jpg"
                },
                {
                    "title":"venustravelvn",
                    "link":"youtube/user/venustravelvn/",
                    "thumb":"https://yt3.ggpht.com/-p8KVeelYBNc/AAAAAAAAAAI/AAAAAAAAAAA/hzs6BbUTdGE/s900-c-k-no/photo.jpg"
                },
                {
                    "title":"Miền Sông Nước",
                    "link":"youtube/user/mekongculture/",
                    "thumb":"https://yt3.ggpht.com/-ClzFrBJn2d4/AAAAAAAAAAI/AAAAAAAAAAA/GAcIEzVBXYc/s900-c-k-no/photo.jpg"
                },
                {
                    "title":"Sông Nước Miền Tây",
                    "link":"youtube/user/miensongnuoc/",
                    "thumb":"https://yt3.ggpht.com/-udJ5VQgpSwI/AAAAAAAAAAI/AAAAAAAAAAA/jQ-GSulcBss/s900-c-k-no/photo.jpg"
                },
                {
                    "title":"Đồng Tháp quê mình",
                    "link":"youtube/user/DThapquetoi/",
                    "thumb":"https://yt3.ggpht.com/-Xidx6stpBrY/AAAAAAAAAAI/AAAAAAAAAAA/7fnvgLNIths/s900-c-k-no/photo.jpg"
                }
            ]
        },        
        {
            "channel":12,
            "name":"Y Khoa & Sức Khoẻ",
            "thumb":"ykhoa.png",
            "items":[                
                {
                    "title":"Cơ Phạm",
                    "link":"youtube/user/CoPhamMD/",
                    "thumb":"https://i.ytimg.com/vi/8iAPhhCOwQg/mqdefault.jpg"
                },
                {
                    "title":"KIẾN THỨC Y KHOA",
                    "link":"youtube/user/kienthucykhoa/",
                    "thumb":"https://yt3.ggpht.com/-Q5mDNDZ3oJk/AAAAAAAAAAI/AAAAAAAAAAA/hTNJIa1PPRo/s900-c-k-no/photo.jpg"
                },
                {
                    "title":"Sức Khỏe Mỗi Ngày",
                    "link":"youtube/user/tringoai/",
                    "thumb":"https://yt3.ggpht.com/-5q6pkmA4-sA/AAAAAAAAAAI/AAAAAAAAAAA/shzylNIj5Y4/s900-c-k-no/photo.jpg"
                },
                {
                    "title":"Tài Liệu Y Học",
                    "link":"youtube/user/TaiLieuYHoc/",
                    "thumb":"https://yt3.ggpht.com/-_DMQEpgJvK0/AAAAAAAAAAI/AAAAAAAAAAA/73SEV10EDj0/s900-c-k-no/photo.jpg"
                },
                {
                    "title":"Thư Viện Y Khoa",
                    "link":"youtube/channel/UCldPEiKvoHXuT6E4Zp5vCIg/",
                    "thumb":"https://yt3.ggpht.com/-zTVeIXOaoTw/AAAAAAAAAAI/AAAAAAAAAAA/2xgJEfjjPmE/s900-c-k-no/photo.jpg"
                }
            ]
        },        
        {
            "channel":13,
            "name":"Ẩm Thực Tình Yêu",
            "thumb":"amthuctinhyeu.png",
            "items":[
                {
                    "title":"Uyên Thy's Cooking",
                    "link":"youtube/user/UyenThyCooking2013/",
                    "thumb":"https://yt3.ggpht.com/-jVToijkQkFo/AAAAAAAAAAI/AAAAAAAAAAA/7RHWK6zilmY/s900-c-k-no/photo.jpg"
                },
                {
                    "title":"Asiancookingmadeeasy",
                    "link":"youtube/user/AsianCookingmadeEasy/",
                    "thumb":"https://yt3.ggpht.com/-9b5VJhkXoKM/AAAAAAAAAAI/AAAAAAAAAAA/H6LSq-Ay4x8/s900-c-k-no/photo.jpg"
                },
                {
                    "title":"Dạy Nấu Ăn",
                    "link":"youtube/user/amthuctinhyeu123/",
                    "thumb":"https://yt3.ggpht.com/-_sOPLL2b1bc/AAAAAAAAAAI/AAAAAAAAAAA/Bu_IZ1AWOnk/s900-c-k-no/photo.jpg"
                },
                {
                    "title":"Helen's Recipes (Vietnamese Food)",
                    "link":"youtube/user/HelenRecipes/",
                    "thumb":"https://yt3.ggpht.com/-lXWCk1JjtDQ/AAAAAAAAAAI/AAAAAAAAAAA/WimPbqGFPHw/s900-c-k-no/photo.jpg"
                },
                {
                    "title":"Xuân Hồng",
                    "link":"youtube/user/tdmaison/",
                    "thumb":"https://i.ytimg.com/vi/EQSiKu9NV7o/default.jpg"
                },
                {
                    "title":"Cathy Ha",
                    "link":"youtube/user/VietFoodie/",
                    "thumb":"https://yt3.ggpht.com/-zc7s69r_eQs/AAAAAAAAAAI/AAAAAAAAAAA/djxJyZTsJMY/s900-c-k-no/photo.jpg"
                },
                {
                    "title":"Nhà đẹp & món ngon",
                    "link":"youtube/user/khoainv/",
                    "thumb":"https://i.ytimg.com/i/uFdWTQgdgVkKX8CrVMOsVg/mq1.jpg?v=4fc532bd"
                },
                {
                    "title":"Sinh Tố (Dailymotion)",
                    "link":"hocnauan",
                    "thumb":"http://s1.dmcdn.net/AVM/200x200-iwk.png"
                }                
            ]
        },     
        {
            "channel":14,
            "name":"Trang Điểm",
            "thumb":"trangdiem.png",
            "items":[                
                {
                    "title":"Michelle Phan",
                    "link":"youtube/user/MichellePhan/",
                    "thumb":"https://yt3.ggpht.com/-tXL4ywC60FY/AAAAAAAAAAI/AAAAAAAAAAA/0YRMBFvAsCo/s900-c-k-no/photo.jpg"
                },
                {
                    "title":"Quách Ánh Makeup Store",
                    "link":"youtube/channel/UCHQO9xPSROEHYHUk_T82l6w/",
                    "thumb":"https://yt3.ggpht.com/-lzDzl2WmjO8/AAAAAAAAAAI/AAAAAAAAAAA/m837Sx02Us4/s900-c-k-no/photo.jpg"
                },
                {
                    "title":"Trang LalaBeautylady",
                    "link":"youtube/user/tranglala90/",
                    "thumb":"https://yt3.ggpht.com/-qQNfZWzF8Jw/AAAAAAAAAAI/AAAAAAAAAAA/1iAwoBwQjFE/s900-c-k-no/photo.jpg"
                },
                {
                    "title":"VietBeauty NailViet",
                    "link":"youtube/channel/UCrvDF3Rzt6qeFVjFwQM3rRw/",
                    "thumb":"https://yt3.ggpht.com/-ei4H45EiJUU/AAAAAAAAAAI/AAAAAAAAAAA/M6bq4T2XXa8/s900-c-k-no/photo.jpg"
                }
            ]
        },        
        {
            "channel":15,
            "name":"Đọc Truyện",
            "thumb":"doctruyen.png",
            "items":[                
                {
                    "title":"Nghe Đọc Truyện Online",
                    "link":"youtube/user/nghedoctruyenonline/",
                    "thumb":"https://yt3.ggpht.com/-8MwaRgyirOM/AAAAAAAAAAI/AAAAAAAAAAA/-HP7S3DeoAo/s900-c-k-no/photo.jpg"
                },
                {
                    "title":"Videobooks For You",
                    "link":"youtube/user/videobooksforyou/",
                    "thumb":"https://yt3.ggpht.com/-dOGpWIU7obM/AAAAAAAAAAI/AAAAAAAAAAA/o5MVcFr1d5I/s900-c-k-no/photo.jpg"
                },
                {
                    "title":"Truyện Audio Online",
                    "link":"youtube/user/AudioOnlineHay/",
                    "thumb":"https://yt3.ggpht.com/-ZQrQAmk4SJU/AAAAAAAAAAI/AAAAAAAAAAA/fDH50Q2TFAU/s900-c-k-no/photo.jpg"
                }
            ]
        },        
        {
            "channel":16,
            "name":"Di trú và Nhập Tịch Hoa Kỳ",
            "thumb":"ditru.png",
            "items":[                
                {
                    "title":"Huy-Tuan Nguyen",
                    "link":"youtube/user/NguyenLegalGroup/",
                    "thumb":"https://yt3.ggpht.com/-AfvPlUsK6Vk/AAAAAAAAAAI/AAAAAAAAAAA/QdGuQyuPAis/s900-c-k-no/photo.jpg"
                },
                {
                    "title":"NguyenLeThienTrang",
                    "link":"youtube/user/NguyenLeThienTrang/",
                    "thumb":"https://yt3.ggpht.com/-dzhniIesUXg/AAAAAAAAAAI/AAAAAAAAAAA/VnXTzqy8sn4/s900-c-k-no/photo.jpg"
                }
            ]
        },     
        {
            "channel":17,
            "name":"America's Funniest Videos",
            "thumb":"AFV.png",
            "items":[                
                {
                    "title":"America's Funniest Home Videos",
                    "link":"youtube/user/AFVofficial/",
                    "thumb":"https://yt3.ggpht.com/-F1ARRPUL8nY/AAAAAAAAAAI/AAAAAAAAAAA/JrqzTRUtOmc/s900-c-k-no/photo.jpg"
                },
                {
                    "title":"AFV Kids",
                    "link":"youtube/user/ToddleTale/",
                    "thumb":"https://yt3.ggpht.com/-YjfN38Y9sxk/AAAAAAAAAAI/AAAAAAAAAAA/eZGIhLZZN6U/s900-c-k-no/photo.jpg"
                },
                {
                    "title":"AFV Animals",
                    "link":"youtube/user/PETSAMI/",
                    "thumb":"https://yt3.ggpht.com/-8vGxJQM8rPA/AAAAAAAAAAI/AAAAAAAAAAA/YP18bFBwD00/s900-c-k-no/photo.jpg"
                },
                {
                    "title":"AFVMobile",
                    "link":"youtube/user/AFVMobile/",
                    "thumb":"https://yt3.ggpht.com/-6K7y31He6sM/AAAAAAAAAAI/AAAAAAAAAAA/pgWEXYfbfm8/s900-c-k-no/photo.jpg"
                }
            ]
        },        
        {
            "channel":18,
            "name":"Dicovery Channels & Animal Planet",
            "thumb":"DCAP.png",
            "items":[                
                {
                    "title":"Animal Planet",
                    "link":"youtube/user/AnimlPlanet/",
                    "thumb":"https://yt3.ggpht.com/-pB_FSk_eKVg/AAAAAAAAAAI/AAAAAAAAAAA/NnFyQS5gPi8/s900-c-k-no/photo.jpg"
                },
                {
                    "title":"Animal Planet",
                    "link":"youtube/user/AnimalPlanetTV/",
                    "thumb":"https://yt3.ggpht.com/-FEsYkupUb-A/AAAAAAAAAAI/AAAAAAAAAAA/6SiqnVvRZJY/s900-c-k-no/photo.jpg"
                },
                {
                    "title":"Animalist",
                    "link":"youtube/user/AnimalistNetwork/",
                    "thumb":"https://yt3.ggpht.com/-RiiOENMysFg/AAAAAAAAAAI/AAAAAAAAAAA/ydJAbihXi-Q/s900-c-k-no/photo.jpg"
                },
                {
                    "title":"Science Channel",
                    "link":"youtube/user/ScienceChannel/",
                    "thumb":"https://yt3.ggpht.com/-xAZHRrsBjd4/AAAAAAAAAAI/AAAAAAAAAAA/NrfKuS2oisA/s900-c-k-no/photo.jpg"
                },
                {
                    "title":"National Geographic",
                    "link":"youtube/user/NationalGeographic/",
                    "thumb":"https://yt3.ggpht.com/-gVuW1PB5eQU/AAAAAAAAAAI/AAAAAAAAAAA/TFf3A48Pyuk/s900-c-k-no/photo.jpg"
                },
                {
                    "title":"NatGeoWild",
                    "link":"youtube/user/NatGeoWild/",
                    "thumb":"https://yt3.ggpht.com/-2tol5SGixqs/AAAAAAAAAAI/AAAAAAAAAAA/gI_3L64uED0/s900-c-k-no/photo.jpg"
                },
                {
                    "title":"HISTORY",
                    "link":"youtube/user/historychannel/",
                    "thumb":"https://yt3.ggpht.com/-tIQN2Z8Fv0k/AAAAAAAAAAI/AAAAAAAAAAA/MubIOjgS83Q/s900-c-k-no/photo.jpg"
                }
            ]
        },             
        {
            "channel":19,
            "name":"Những Mục Khác",
            "thumb":"muckhac.png",
            "items":[                
                {
                    "title":"Dạy Nhau Học",
                    "link":"youtube/user/trandatnh/",
                    "thumb":"https://yt3.ggpht.com/-b-RsqDVfnKA/AAAAAAAAAAI/AAAAAAAAAAA/inzrLSRPB-o/s900-c-k-no/photo.jpg"
                },
                {
                    "title":"Lưu Trường Hải Lân",
                    "link":"youtube/user/luutruonghailan/",
                    "thumb":"https://yt3.ggpht.com/-T5KhISjRRjo/AAAAAAAAAAI/AAAAAAAAAAA/FJXBKhpnO3E/s900-c-k-no/photo.jpg"
                },
                {
                    "title":"Derek Banas",
                    "link":"youtube/user/derekbanas/",
                    "thumb":"https://yt3.ggpht.com/-SN1RQ4kN5bM/AAAAAAAAAAI/AAAAAAAAAAA/T39gSKk4e2g/s900-c-k-no/photo.jpg"
                },
                {
                    "title":"TotalXBMC",
                    "link":"youtube/user/TotalXBMC/",
                    "thumb":"https://yt3.ggpht.com/-j-99Pz2bz2k/AAAAAAAAAAI/AAAAAAAAAAA/wm1dVKFr5tk/s900-c-k-no/photo.jpg"
                },
                {
                    "title":"PRO XBMC+ KODI+ SuperAddon",
                    "link":"youtube/user/HowToVideoHelp/",
                    "thumb":"https://yt3.ggpht.com/-UOOVEFjDOJg/AAAAAAAAAAI/AAAAAAAAAAA/I_3eUM4nMc8/s900-c-k-no/photo.jpg"
                },
                {
                    "title":"OneTechGenius (XBMC HELPER)",
                    "link":"youtube/user/XBMCHELPER/",
                    "thumb":"https://yt3.ggpht.com/-gz5CkSVvQW0/AAAAAAAAAAI/AAAAAAAAAAA/5tL5WmC4U4w/s900-c-k-no/photo.jpg"
                },
                {
                    "title":"Wilmar CLV",
                    "link":"youtube/user/WilmarVietnam/",
                    "thumb":"https://yt3.ggpht.com/-c3okNmKUuXk/AAAAAAAAAAI/AAAAAAAAAAA/1LhFS7zc9Xo/s900-c-k-no/photo.jpg"
                },
                {
                    "title":"HTVOnline Entertainment",
                    "link":"youtube/user/htvonlinetube/",
                    "thumb":"https://yt3.ggpht.com/-WI_J9A7kDMk/AAAAAAAAAAI/AAAAAAAAAAA/uEkLBu6iiv8/s900-c-k-no/photo.jpg"
                },
                {
                    "title":"Chuyện lạ Việt Nam",
                    "link":"youtube/user/chuyenlavietnam24h/",
                    "thumb":"https://yt3.ggpht.com/-7pwXqQK8zJU/AAAAAAAAAAI/AAAAAAAAAAA/tqpLRpL0UP4/s900-c-k-no/photo.jpg"
                },
                {
                    "title":"Giải trí 60 Giây",
                    "link":"youtube/user/bantintonghop/",
                    "thumb":"https://yt3.ggpht.com/-5irzRU2OWKg/AAAAAAAAAAI/AAAAAAAAAAA/TzO0u0FS92Q/s900-c-k-no/photo.jpg"
                },
                {
                    "title":"Khoa học - Đời sống",
                    "link":"youtube/user/khoahoctv/",
                    "thumb":"https://yt3.ggpht.com/-9EMBXH23m6w/AAAAAAAAAAI/AAAAAAAAAAA/8EiBUP27_ZM/s900-c-k-no/photo.jpg"
                },
                {
                    "title":"Khoa Học Công Nghệ",
                    "link":"youtube/user/KHCN1123Pus/",
                    "thumb":"https://yt3.ggpht.com/-T6jd7Y3SrpQ/AAAAAAAAAAI/AAAAAAAAAAA/99Ihp_LXqvI/s900-c-k-no/photo.jpg"
                },
                {
                    "title":"YAN TV",
                    "link":"youtube/user/YanTVChannel/",
                    "thumb":"https://yt3.ggpht.com/-FAtxy--mBqg/AAAAAAAAAAI/AAAAAAAAAAA/jw4sLN7Xjt8/s900-c-k-no/photo.jpg"
                },
                {
                    "title":"IMOVIE BTV4",
                    "link":"youtube/user/ImovieBTV4/",
                    "thumb":"https://yt3.ggpht.com/-gP_kt6i2Hq4/AAAAAAAAAAI/AAAAAAAAAAA/NZLqV2UbRMU/s900-c-k-no/photo.jpg"
                },
                {
                    "title":"Zui vn - Phim Online HD miễn phí",
                    "link":"youtube/user/zuivn/",
                    "thumb":"https://yt3.ggpht.com/--d9CVuZQEM8/AAAAAAAAAAI/AAAAAAAAAAA/wuzB_WFQUaY/s900-c-k-no/photo.jpg"
                },
                {
                    "title":"ExcelIsFun",
                    "link":"youtube/user/ExcelIsFun/",
                    "thumb":"https://yt3.ggpht.com/-tDHO0qThc5I/AAAAAAAAAAI/AAAAAAAAAAA/s_fvhNoceuo/s900-c-k-no/photo.jpg"
                },
                {
                    "title":"This Old House",
                    "link":"youtube/user/thisoldhouse/",
                    "thumb":"https://yt3.ggpht.com/-Vj-V4s2P9I8/AAAAAAAAAAI/AAAAAAAAAAA/IMAxesnpArM/s900-c-k-no/photo.jpg"
                },
                {
                    "title":"Khan Academy",
                    "link":"youtube/user/khanacademy/",
                    "thumb":"https://yt3.ggpht.com/-Sxo3Mp6e4Bg/AAAAAAAAAAI/AAAAAAAAAAA/vL4onTqTcjU/s900-c-k-no/photo.jpg"
                },
                {
                    "title":"Khan Academy - Projects",
                    "link":"youtube/user/khanacademyprojects/",
                    "thumb":"https://yt3.ggpht.com/-svnpNkvsKug/AAAAAAAAAAI/AAAAAAAAAAA/mrzvreRXqbs/s900-c-k-no/photo.jpg"
                },
                {
                    "title":"khanacademymedicine",
                    "link":"youtube/user/khanacademymedicine/",
                    "thumb":"https://yt3.ggpht.com/-5DrrRaNFisc/AAAAAAAAAAI/AAAAAAAAAAA/kY_wi2gaYmE/s900-c-k-no/photo.jpg"
                },
                {
                    "title":"Vietnamese Cuisine (Dailymotion)",
                    "link":"VietnameseCuisine",
                    "thumb":"http://s1.dmcdn.net/AVM/200x200-iwk.png"
                },
                {
                    "title":"Chương Trình Tổng Hợp (Dailymotion)",
                    "link":"Viettrinh",
                    "thumb":"http://s1.dmcdn.net/AVM/200x200-iwk.png"
                }              
            ]
        }
    ]
}                