<?xml version="1.0" encoding="UTF-8" standalone="yes"?>
<addon
	id="plugin.video.megafun.vn"
	version="1.0.19"
	name="[COLOR violet][B]Truyền hình Xem lại[/B][/COLOR]"
	provider-name="ThongLD">
	<requires>
		<import addon="xbmc.python" version="2.1.0"/>
	</requires>
	<extension point="xbmc.python.pluginsource" library="default.py">
		<provides>video</provides>
	</extension>
	<extension point="xbmc.addon.metadata">
		<summary>Megafun.VN</summary>
		<description>[COLOR lime][B]Addon xem lại một số kênh truyền hình[/B][/COLOR]</description>
		<platform>all</platform>
	</extension>
</addon>