<?xml version="1.0" encoding="UTF-8" standalone="yes"?>
<addon id="script.module.kodiswift" name="kodiswift" provider-name="Aaron Frase (Sinap)" version="0.0.7.1">
  <requires>
    <import addon="xbmc.python" version="2.24.0"/>
  </requires>
  <extension library="lib" point="xbmc.python.module"/>
  <extension point="xbmc.addon.metadata">
    <summary lang="en">A fork of the xbmcswift2 project</summary>
    <description lang="en">A micro framework to enable rapid development of Kodi plugins.</description>
    <platform>all</platform>
    <license>GNU General Public License v3 (GPL-3)</license>
    <source>https://github.com/Sinap/kodiswift</source>
    <email>afrase91@gmail.com</email>
    <language/>
    <website/>
    <forum/>
  </extension>
</addon>
