<?xml version="1.0" encoding="UTF-8" standalone="yes"?>
<addon 
	id="plugin.video.HieuHienTV" 
	version="1.0.0" 
	name="[COLOR lime][B]HieuHienTV[/B][/COLOR]" 
	provider-name="Hieuhien.vn">
	<requires> 
		<import addon="script.module.simplejson" />	
		<import addon="xbmc.python" version="2.1.0"/>
		<import addon="script.module.simple.downloader" version="1.9.4" />
	</requires>
	<extension point="xbmc.python.pluginsource" library="tvchannel.py">  
		<provides>video</provides>    
	</extension>
	<extension point="xbmc.addon.metadata">
		<summary>[COLOR red]Hieuhien.vn[/COLOR]</summary>
		<description>[COLOR lime][B]Add-on Xem truyền hình Online được Hieuhien.vn viết lại dựa trên addon ITV Plus của tác giả itv member[/B][/COLOR]</description>
		<disclaimer>Tất cả nội dung được lấy từ Internet - chúng tôi hoàn toàn không chịu trách nhiệm về bản quyền hay độ ổn định của chương trình</disclaimer>
		<platform>all</platform>
	</extension>
</addon>