<?xml version="1.0" encoding="UTF-8" standalone="yes"?>
<addon 
	id="plugin.video.anhtrang"
	version="1.0.0"
	name="[COLOR lime][B]Phim Ánh Trăng[/B][/COLOR]"
	provider-name="DaveLN">
	<requires>
		<import addon="xbmc.python" version="2.1.0" optional="true" />
		<import addon="script.module.simplejson" />
		<import addon="script.module.t0mm0.common" version="1.1.0"/>
	</requires>
	<extension point="xbmc.python.pluginsource" library="default.py">
        <provides>video</provides>
	</extension>
	<extension point="xbmc.addon.metadata">
		<summary>Movies</summary>
		<description>[COLOR orange]Add-on xem phim từ website Anhtrang.org của tác giả [/COLOR][COLOR red]DaveLN[/COLOR][COLOR orange] và được edit bởi[/COLOR] [COLOR red]HieuHien.vn[/COLOR] - [COLOR FF00FF00]Nhà phân phối thiết bị công nghệ hàng đầu Việt Nam - Hỗ trợ cài đặt đầy đủ ứng dụng, chép phim, tặng tài khoản vip cùng nhiều quà tặng hấp dẫn khác cho khách hàng khi mua Android TV Box tại[/COLOR][COLOR red] HieuHien.vn[/COLOR]</description>
		<disclaimer lang="en">
			[COLOR lime]The streaming media are pulled from online provider(s). 
			[COLOR red]These streams do not represent my views or opinions in any way.[/COLOR]</disclaimer>
		<platform>all</platform>
		<license>http://www.gnu.org/licenses/</license>
		<forum></forum>
		<website></website>  
		<email></email>
		<source></source>
	</extension>
</addon>