<?xml version="1.0" encoding="UTF-8" standalone="yes" ?>
<addon id="plugin.video.hieuhien.vn.xsharefree" name="[B][COLOR red]Xshare[/COLOR] [COLOR green]Media [/COLOR][COLOR blue]Center[/B][/COLOR]" version="3.4.8.6" provider-name="thaitni">
    <requires>
        <import addon="xbmc.python" version="2.1.0"/>
		<import addon="script.video.F4mProxy"  optional="true"/>
		<import addon="script.module.youtube.dl"  optional="true"/>
    </requires>
    <extension point="xbmc.python.pluginsource" library="xshare.py">
        <provides>video</provides>
    </extension>
    <extension point="xbmc.addon.metadata">
        <summary>Xshare - XBMC HD Video</summary>
		<description lang="en">Tìm và Xem HD Video trên XBMC từ: fptplay.net, hayhaytv.vn, hdviet.com, phimmoi.net, hdonline.vn, phim3s.net, kenh88.com, phimdata.com, phimsot.com, phim47.com</description>
		<platform>all</platform>
		<language>en</language>
		<license>GNU General Public License - v2</license>
		<source>https://github.com/thaitni/xbmc.repo.xshare</source>
		<email>thai@thanhthai.net</email>
    </extension>
</addon>