<?xml version="1.0" encoding="UTF-8" standalone="yes"?>
<addon id="plugin.video.HieuHien.vn" name="[B][COLOR red]Hieuhien.vn[/COLOR] [COLOR lime]Media Center[/COLOR][/B]" version="1.0.1.2" provider-name="podgod-mod by Tony Nguyen">
  <requires> 
  </requires>
  <extension point="xbmc.python.pluginsource" library="default.py">
    <provides>video</provides>
  </extension>
  <extension point="xbmc.service" library="autostart.py" start="startup">
  </extension>  
  <extension point="xbmc.addon.metadata">
    <summary>Tổng hợp các addon hay dành cho người Việt</summary>
    <description>Addon Hieuhien.vn Media Center được viết lại từ addon cCloud.tv của tác gia Tony Nguyen. Đây là addon tổng hợp lại tất cả những addon hay dành cho người Việt và sẽ được Hieuhien.vn cập nhật thường xuyên. Xin cảm ơn tác giả Tony Nguyen đã cho phép Hieuhien.vn sử dụng source code này 
    </description>
    <license>http://www.gnu.org/licenses/</license>
    <website>http://hieuhien.vn</website>
    <website>http://facebook.com/hieuhien.vn</website>
    <website>http://zidoo.vn</website>
    <email/>
    <platform>all</platform>
  </extension>
</addon>
