<favourites>
  <favourite name="Music Videos 4" thumb="http://portal.iptvprivateserver.tv/stalker_portal/misc/logos/320/507.png">PlayMedia(&quot;plugin://plugin.video.stalker/?tmp=0&amp;genre_name=%5B%27Music%27%5D&amp;title=Music+Videos+4&amp;cmd=http%3A%2F%2Frrr.sz.xlcdn.com%2F%3Faccount%3DAATW%26file%3Dakanew%26type%3Dlive%26service%3Dwowza%26protocol%3Dhttp%26output%3Dplaylist.m3u8&amp;portal=%7B%22name%22%3A+%22NFPS%22%2C+%22parental%22%3A+%22false%22%2C+%22url%22%3A+%22http%3A%2F%2Fportal.iptvprivateserver.tv%22%2C+%22mac%22%3A+%2200%3A1A%3A78%3AA2%3A70%3A47%22%2C+%22serial%22%3A+%7B%22custom%22%3A+false%7D%2C+%22password%22%3A+%220000%22%7D&amp;mode=play&amp;logo_url=http%3A%2F%2Fportal.iptvprivateserver.tv%2Fstalker_portal%2Fmisc%2Flogos%2F320%2F507.png&quot;)</favourite>
    <favourite name="Music Videos 5" thumb="http://portal.iptvprivateserver.tv/stalker_portal/misc/logos/320/289.png">PlayMedia(&quot;plugin://plugin.video.stalker/?tmp=0&amp;genre_name=%5B%27Music%27%5D&amp;title=Music+Videos+5&amp;cmd=ffrt2+http%3A%2F%2Frtmp.infomaniak.ch%2Flivecast%2Fbeats_1%2Fplaylist.m3u8&amp;portal=%7B%22name%22%3A+%22NFPS%22%2C+%22parental%22%3A+%22false%22%2C+%22url%22%3A+%22http%3A%2F%2Fportal.iptvprivateserver.tv%22%2C+%22mac%22%3A+%2200%3A1A%3A78%3AA2%3A70%3A47%22%2C+%22serial%22%3A+%7B%22custom%22%3A+false%7D%2C+%22password%22%3A+%220000%22%7D&amp;mode=play&amp;logo_url=http%3A%2F%2Fportal.iptvprivateserver.tv%2Fstalker_portal%2Fmisc%2Flogos%2F320%2F289.png&quot;)</favourite>
    <favourite name="Music Videos 6" thumb="http://portal.iptvprivateserver.tv/stalker_portal/misc/logos/320/499.png">PlayMedia(&quot;plugin://plugin.video.stalker/?tmp=0&amp;genre_name=%5B%27Music%27%5D&amp;title=Music+Videos+6&amp;cmd=ffrt2+http%3A%2F%2Fdjing.com%2Ftv%2Fhothothot.m3u8&amp;portal=%7B%22name%22%3A+%22NFPS%22%2C+%22parental%22%3A+%22false%22%2C+%22url%22%3A+%22http%3A%2F%2Fportal.iptvprivateserver.tv%22%2C+%22mac%22%3A+%2200%3A1A%3A78%3AA2%3A70%3A47%22%2C+%22serial%22%3A+%7B%22custom%22%3A+false%7D%2C+%22password%22%3A+%220000%22%7D&amp;mode=play&amp;logo_url=http%3A%2F%2Fportal.iptvprivateserver.tv%2Fstalker_portal%2Fmisc%2Flogos%2F320%2F499.png&quot;)</favourite>
    <favourite name="Music Videos 7" thumb="http://portal.iptvprivateserver.tv/stalker_portal/misc/logos/320/501.png">PlayMedia(&quot;plugin://plugin.video.stalker/?tmp=0&amp;genre_name=%5B%27Music%27%5D&amp;title=Music+Videos+7&amp;cmd=ffrt2+http%3A%2F%2Fdjing.com%2Ftv%2Funderground.m3u8&amp;portal=%7B%22name%22%3A+%22NFPS%22%2C+%22parental%22%3A+%22false%22%2C+%22url%22%3A+%22http%3A%2F%2Fportal.iptvprivateserver.tv%22%2C+%22mac%22%3A+%2200%3A1A%3A78%3AA2%3A70%3A47%22%2C+%22serial%22%3A+%7B%22custom%22%3A+false%7D%2C+%22password%22%3A+%220000%22%7D&amp;mode=play&amp;logo_url=http%3A%2F%2Fportal.iptvprivateserver.tv%2Fstalker_portal%2Fmisc%2Flogos%2F320%2F501.png&quot;)</favourite>
    <favourite name="Music Videos 8" thumb="http://portal.iptvprivateserver.tv/stalker_portal/misc/logos/320/503.png">PlayMedia(&quot;plugin://plugin.video.stalker/?tmp=0&amp;genre_name=%5B%27Music%27%5D&amp;title=Music+Videos+8&amp;cmd=ffrt2+http%3A%2F%2Fdjing.com%2Ftv%2Fdancefloor.m3u8&amp;portal=%7B%22name%22%3A+%22NFPS%22%2C+%22parental%22%3A+%22false%22%2C+%22url%22%3A+%22http%3A%2F%2Fportal.iptvprivateserver.tv%22%2C+%22mac%22%3A+%2200%3A1A%3A78%3AA2%3A70%3A47%22%2C+%22serial%22%3A+%7B%22custom%22%3A+false%7D%2C+%22password%22%3A+%220000%22%7D&amp;mode=play&amp;logo_url=http%3A%2F%2Fportal.iptvprivateserver.tv%2Fstalker_portal%2Fmisc%2Flogos%2F320%2F503.png&quot;)</favourite>
    <favourite name="Music Videos 9" thumb="http://portal.iptvprivateserver.tv/stalker_portal/misc/logos/320/505.png">PlayMedia(&quot;plugin://plugin.video.stalker/?tmp=0&amp;genre_name=%5B%27Music%27%5D&amp;title=Music+Videos+9&amp;cmd=ffrt2+rtmp%3A%2F%2Ffms.105.net%3A1935%2Flive%2Frmc1&amp;portal=%7B%22name%22%3A+%22NFPS%22%2C+%22parental%22%3A+%22false%22%2C+%22url%22%3A+%22http%3A%2F%2Fportal.iptvprivateserver.tv%22%2C+%22mac%22%3A+%2200%3A1A%3A78%3AA2%3A70%3A47%22%2C+%22serial%22%3A+%7B%22custom%22%3A+false%7D%2C+%22password%22%3A+%220000%22%7D&amp;mode=play&amp;logo_url=http%3A%2F%2Fportal.iptvprivateserver.tv%2Fstalker_portal%2Fmisc%2Flogos%2F320%2F505.png&quot;)</favourite>
    <favourite name="Music Videos 11" thumb="http://portal.iptvprivateserver.tv/stalker_portal/misc/logos/320/509.png">PlayMedia(&quot;plugin://plugin.video.stalker/?tmp=0&amp;genre_name=%5B%27Music%27%5D&amp;title=Music+Videos+11&amp;cmd=http%3A%2F%2Fredir.atmcdn.pl%2Fhls%2Fmm%2Fmultimedia%2Flive%2Famazing%2Flive.livx%2Fplaylist.m3u8%3FsessionId%3DABA74CBC0702307FF0B559F938FC9B21.node1%26stream%3D2&amp;portal=%7B%22name%22%3A+%22NFPS%22%2C+%22parental%22%3A+%22false%22%2C+%22url%22%3A+%22http%3A%2F%2Fportal.iptvprivateserver.tv%22%2C+%22mac%22%3A+%2200%3A1A%3A78%3AA2%3A70%3A47%22%2C+%22serial%22%3A+%7B%22custom%22%3A+false%7D%2C+%22password%22%3A+%220000%22%7D&amp;mode=play&amp;logo_url=http%3A%2F%2Fportal.iptvprivateserver.tv%2Fstalker_portal%2Fmisc%2Flogos%2F320%2F509.png&quot;)</favourite>
    <favourite name="Music Videos 12" thumb="http://portal.iptvprivateserver.tv/stalker_portal/misc/logos/320/511.png">PlayMedia(&quot;plugin://plugin.video.stalker/?tmp=0&amp;genre_name=%5B%27Music%27%5D&amp;title=Music+Videos+12&amp;cmd=ffrt2+rtmp%3A%2F%2Feuropaplus.cdnvideo.ru%3A1935%2Feuropaplus-live%2Feptv_main.sdp&amp;portal=%7B%22name%22%3A+%22NFPS%22%2C+%22parental%22%3A+%22false%22%2C+%22url%22%3A+%22http%3A%2F%2Fportal.iptvprivateserver.tv%22%2C+%22mac%22%3A+%2200%3A1A%3A78%3AA2%3A70%3A47%22%2C+%22serial%22%3A+%7B%22custom%22%3A+false%7D%2C+%22password%22%3A+%220000%22%7D&amp;mode=play&amp;logo_url=http%3A%2F%2Fportal.iptvprivateserver.tv%2Fstalker_portal%2Fmisc%2Flogos%2F320%2F511.png&quot;)</favourite>
    <favourite name="Music Videos 13" thumb="http://portal.iptvprivateserver.tv/stalker_portal/misc/logos/320/513.png">PlayMedia(&quot;plugin://plugin.video.stalker/?tmp=0&amp;genre_name=%5B%27Music%27%5D&amp;title=Music+Videos+13&amp;cmd=ffrt2+http%3A%2F%2Frrr.sz.xlcdn.com%2F%3Faccount%3DAATW%26file%3Dclublandtv%26type%3Dlive%26service%3Dwowza%26protocol%3Dhttp%26output%3Dplaylist.m3u8&amp;portal=%7B%22name%22%3A+%22NFPS%22%2C+%22parental%22%3A+%22false%22%2C+%22url%22%3A+%22http%3A%2F%2Fportal.iptvprivateserver.tv%22%2C+%22mac%22%3A+%2200%3A1A%3A78%3AA2%3A70%3A47%22%2C+%22serial%22%3A+%7B%22custom%22%3A+false%7D%2C+%22password%22%3A+%220000%22%7D&amp;mode=play&amp;logo_url=http%3A%2F%2Fportal.iptvprivateserver.tv%2Fstalker_portal%2Fmisc%2Flogos%2F320%2F513.png&quot;)</favourite>
    <favourite name="Music Videos 14" thumb="http://portal.iptvprivateserver.tv/stalker_portal/misc/logos/320/515.png">PlayMedia(&quot;plugin://plugin.video.stalker/?tmp=0&amp;genre_name=%5B%27Music%27%5D&amp;title=Music+Videos+14&amp;cmd=http%3A%2F%2Fvevoplaylist-live.hls.adaptive.level3.net%2Fvevo%2Fch2%2F06%2Fprog_index.m3u8&amp;portal=%7B%22name%22%3A+%22NFPS%22%2C+%22parental%22%3A+%22false%22%2C+%22url%22%3A+%22http%3A%2F%2Fportal.iptvprivateserver.tv%22%2C+%22mac%22%3A+%2200%3A1A%3A78%3AA2%3A70%3A47%22%2C+%22serial%22%3A+%7B%22custom%22%3A+false%7D%2C+%22password%22%3A+%220000%22%7D&amp;mode=play&amp;logo_url=http%3A%2F%2Fportal.iptvprivateserver.tv%2Fstalker_portal%2Fmisc%2Flogos%2F320%2F515.png&quot;)</favourite>
    <favourite name="Music Videos 15" thumb="http://portal.iptvprivateserver.tv/stalker_portal/misc/logos/320/517.png">PlayMedia(&quot;plugin://plugin.video.stalker/?tmp=0&amp;genre_name=%5B%27Music%27%5D&amp;title=Music+Videos+15&amp;cmd=http%3A%2F%2F185.28.3.10%2Fpowertv%2Fpowerturktvh.stream%2Fplaylist.m3u8&amp;portal=%7B%22name%22%3A+%22NFPS%22%2C+%22parental%22%3A+%22false%22%2C+%22url%22%3A+%22http%3A%2F%2Fportal.iptvprivateserver.tv%22%2C+%22mac%22%3A+%2200%3A1A%3A78%3AA2%3A70%3A47%22%2C+%22serial%22%3A+%7B%22custom%22%3A+false%7D%2C+%22password%22%3A+%220000%22%7D&amp;mode=play&amp;logo_url=http%3A%2F%2Fportal.iptvprivateserver.tv%2Fstalker_portal%2Fmisc%2Flogos%2F320%2F517.png&quot;)</favourite>
    <favourite name="Music Videos 16" thumb="http://portal.iptvprivateserver.tv/stalker_portal/misc/logos/320/519.png">PlayMedia(&quot;plugin://plugin.video.stalker/?tmp=0&amp;genre_name=%5B%27Music%27%5D&amp;title=Music+Videos+16&amp;cmd=http%3A%2F%2Frtmp.one.by%3A1300%2F&amp;portal=%7B%22name%22%3A+%22NFPS%22%2C+%22parental%22%3A+%22false%22%2C+%22url%22%3A+%22http%3A%2F%2Fportal.iptvprivateserver.tv%22%2C+%22mac%22%3A+%2200%3A1A%3A78%3AA2%3A70%3A47%22%2C+%22serial%22%3A+%7B%22custom%22%3A+false%7D%2C+%22password%22%3A+%220000%22%7D&amp;mode=play&amp;logo_url=http%3A%2F%2Fportal.iptvprivateserver.tv%2Fstalker_portal%2Fmisc%2Flogos%2F320%2F519.png&quot;)</favourite>
    <favourite name="Music Videos 17" thumb="http://portal.iptvprivateserver.tv/stalker_portal/misc/logos/320/521.png">PlayMedia(&quot;plugin://plugin.video.stalker/?tmp=0&amp;genre_name=%5B%27Music%27%5D&amp;title=Music+Videos+17&amp;cmd=http%3A%2F%2F194.79.52.77%2Fgoldi%2FgoldHQ2%2Findex.m3u8&amp;portal=%7B%22name%22%3A+%22NFPS%22%2C+%22parental%22%3A+%22false%22%2C+%22url%22%3A+%22http%3A%2F%2Fportal.iptvprivateserver.tv%22%2C+%22mac%22%3A+%2200%3A1A%3A78%3AA2%3A70%3A47%22%2C+%22serial%22%3A+%7B%22custom%22%3A+false%7D%2C+%22password%22%3A+%220000%22%7D&amp;mode=play&amp;logo_url=http%3A%2F%2Fportal.iptvprivateserver.tv%2Fstalker_portal%2Fmisc%2Flogos%2F320%2F521.png&quot;)</favourite>
    <favourite name="Music Videos 18" thumb="http://portal.iptvprivateserver.tv/stalker_portal/misc/logos/320/523.png">PlayMedia(&quot;plugin://plugin.video.stalker/?tmp=0&amp;genre_name=%5B%27Music%27%5D&amp;title=Music+Videos+18&amp;cmd=http%3A%2F%2Fvevoplaylist-live.hls.adaptive.level3.net%2Fvevo%2Fch1%2F06%2Fprog_index.m3u8&amp;portal=%7B%22name%22%3A+%22NFPS%22%2C+%22parental%22%3A+%22false%22%2C+%22url%22%3A+%22http%3A%2F%2Fportal.iptvprivateserver.tv%22%2C+%22mac%22%3A+%2200%3A1A%3A78%3AA2%3A70%3A47%22%2C+%22serial%22%3A+%7B%22custom%22%3A+false%7D%2C+%22password%22%3A+%220000%22%7D&amp;mode=play&amp;logo_url=http%3A%2F%2Fportal.iptvprivateserver.tv%2Fstalker_portal%2Fmisc%2Flogos%2F320%2F523.png&quot;)</favourite>
    <favourite name="Music Videos 19" thumb="http://portal.iptvprivateserver.tv/stalker_portal/misc/logos/320/525.png">PlayMedia(&quot;plugin://plugin.video.stalker/?tmp=0&amp;genre_name=%5B%27Music%27%5D&amp;title=Music+Videos+19&amp;cmd=http%3A%2F%2Fooyalahd2-f.akamaihd.net%2Fi%2Fglobalradio01_delivery%40156521%2Findex_656_av-p.m3u8%3Fsd%3D10%26rebase%3Don&amp;portal=%7B%22name%22%3A+%22NFPS%22%2C+%22parental%22%3A+%22false%22%2C+%22url%22%3A+%22http%3A%2F%2Fportal.iptvprivateserver.tv%22%2C+%22mac%22%3A+%2200%3A1A%3A78%3AA2%3A70%3A47%22%2C+%22serial%22%3A+%7B%22custom%22%3A+false%7D%2C+%22password%22%3A+%220000%22%7D&amp;mode=play&amp;logo_url=http%3A%2F%2Fportal.iptvprivateserver.tv%2Fstalker_portal%2Fmisc%2Flogos%2F320%2F525.png&quot;)</favourite>
    <favourite name="Music Videos 20" thumb="http://portal.iptvprivateserver.tv/stalker_portal/misc/logos/320/527.png">PlayMedia(&quot;plugin://plugin.video.stalker/?tmp=0&amp;genre_name=%5B%27Music%27%5D&amp;title=Music+Videos+20&amp;cmd=ffrt2+rtmp%3A%2F%2Fstream.smcloud.net%2Flive%2Fvox2%2Fstream1&amp;portal=%7B%22name%22%3A+%22NFPS%22%2C+%22parental%22%3A+%22false%22%2C+%22url%22%3A+%22http%3A%2F%2Fportal.iptvprivateserver.tv%22%2C+%22mac%22%3A+%2200%3A1A%3A78%3AA2%3A70%3A47%22%2C+%22serial%22%3A+%7B%22custom%22%3A+false%7D%2C+%22password%22%3A+%220000%22%7D&amp;mode=play&amp;logo_url=http%3A%2F%2Fportal.iptvprivateserver.tv%2Fstalker_portal%2Fmisc%2Flogos%2F320%2F527.png&quot;)</favourite>
    <favourite name="Music Videos 21" thumb="http://portal.iptvprivateserver.tv/stalker_portal/misc/logos/320/529.png">PlayMedia(&quot;plugin://plugin.video.stalker/?tmp=0&amp;genre_name=%5B%27Music%27%5D&amp;title=Music+Videos+21&amp;cmd=ffrt2+rtmp%3A%2F%2Fstream.smcloud.net%2Flive2%2Fpolo_party%2Fpolo_party_720p&amp;portal=%7B%22name%22%3A+%22NFPS%22%2C+%22parental%22%3A+%22false%22%2C+%22url%22%3A+%22http%3A%2F%2Fportal.iptvprivateserver.tv%22%2C+%22mac%22%3A+%2200%3A1A%3A78%3AA2%3A70%3A47%22%2C+%22serial%22%3A+%7B%22custom%22%3A+false%7D%2C+%22password%22%3A+%220000%22%7D&amp;mode=play&amp;logo_url=http%3A%2F%2Fportal.iptvprivateserver.tv%2Fstalker_portal%2Fmisc%2Flogos%2F320%2F529.png&quot;)</favourite>
    <favourite name="Music Videos 22" thumb="http://portal.iptvprivateserver.tv/stalker_portal/misc/logos/320/531.png">PlayMedia(&quot;plugin://plugin.video.stalker/?tmp=0&amp;genre_name=%5B%27Music%27%5D&amp;title=Music+Videos+22&amp;cmd=ffrt2+rtmp%3A%2F%2Fstream.smcloud.net%2Flive2%2Fvox%2Fvox_360p&amp;portal=%7B%22name%22%3A+%22NFPS%22%2C+%22parental%22%3A+%22false%22%2C+%22url%22%3A+%22http%3A%2F%2Fportal.iptvprivateserver.tv%22%2C+%22mac%22%3A+%2200%3A1A%3A78%3AA2%3A70%3A47%22%2C+%22serial%22%3A+%7B%22custom%22%3A+false%7D%2C+%22password%22%3A+%220000%22%7D&amp;mode=play&amp;logo_url=http%3A%2F%2Fportal.iptvprivateserver.tv%2Fstalker_portal%2Fmisc%2Flogos%2F320%2F531.png&quot;)</favourite>
    <favourite name="Music Videos 23" thumb="http://portal.iptvprivateserver.tv/stalker_portal/misc/logos/320/533.png">PlayMedia(&quot;plugin://plugin.video.stalker/?tmp=0&amp;genre_name=%5B%27Music%27%5D&amp;title=Music+Videos+23&amp;cmd=rtmp%3A%2F%2Fstream.smcloud.net%2Flive2%2Feska_party%2Feska_party_720p&amp;portal=%7B%22name%22%3A+%22NFPS%22%2C+%22parental%22%3A+%22false%22%2C+%22url%22%3A+%22http%3A%2F%2Fportal.iptvprivateserver.tv%22%2C+%22mac%22%3A+%2200%3A1A%3A78%3AA2%3A70%3A47%22%2C+%22serial%22%3A+%7B%22custom%22%3A+false%7D%2C+%22password%22%3A+%220000%22%7D&amp;mode=play&amp;logo_url=http%3A%2F%2Fportal.iptvprivateserver.tv%2Fstalker_portal%2Fmisc%2Flogos%2F320%2F533.png&quot;)</favourite>
    <favourite name="Music Videos 24" thumb="http://portal.iptvprivateserver.tv/stalker_portal/misc/logos/320/535.png">PlayMedia(&quot;plugin://plugin.video.stalker/?tmp=0&amp;genre_name=%5B%27Music%27%5D&amp;title=Music+Videos+24&amp;cmd=ffrt2+rtmp%3A%2F%2Fstream.smcloud.net%2Flive2%2Feska_rock%2Feska_rock_720p&amp;portal=%7B%22name%22%3A+%22NFPS%22%2C+%22parental%22%3A+%22false%22%2C+%22url%22%3A+%22http%3A%2F%2Fportal.iptvprivateserver.tv%22%2C+%22mac%22%3A+%2200%3A1A%3A78%3AA2%3A70%3A47%22%2C+%22serial%22%3A+%7B%22custom%22%3A+false%7D%2C+%22password%22%3A+%220000%22%7D&amp;mode=play&amp;logo_url=http%3A%2F%2Fportal.iptvprivateserver.tv%2Fstalker_portal%2Fmisc%2Flogos%2F320%2F535.png&quot;)</favourite>
    <favourite name="Music Videos 25" thumb="http://portal.iptvprivateserver.tv/stalker_portal/misc/logos/320/537.png">PlayMedia(&quot;plugin://plugin.video.stalker/?tmp=0&amp;genre_name=%5B%27Music%27%5D&amp;title=Music+Videos+25&amp;cmd=ffrt2+rtmp%3A%2F%2Fstream.smcloud.net%2Flive2%2Fbest%2Fbest_720p&amp;portal=%7B%22name%22%3A+%22NFPS%22%2C+%22parental%22%3A+%22false%22%2C+%22url%22%3A+%22http%3A%2F%2Fportal.iptvprivateserver.tv%22%2C+%22mac%22%3A+%2200%3A1A%3A78%3AA2%3A70%3A47%22%2C+%22serial%22%3A+%7B%22custom%22%3A+false%7D%2C+%22password%22%3A+%220000%22%7D&amp;mode=play&amp;logo_url=http%3A%2F%2Fportal.iptvprivateserver.tv%2Fstalker_portal%2Fmisc%2Flogos%2F320%2F537.png&quot;)</favourite>
    <favourite name="Music Videos 26" thumb="http://portal.iptvprivateserver.tv/stalker_portal/misc/logos/320/599.png">PlayMedia(&quot;plugin://plugin.video.stalker/?tmp=0&amp;genre_name=%5B%27Music%27%5D&amp;title=Music+Videos+26&amp;cmd=http%3A%2F%2Fvevoplaylist-live.hls.adaptive.level3.net%2Fvevo%2Fch3%2F06%2Fprog_index.m3u8&amp;portal=%7B%22name%22%3A+%22NFPS%22%2C+%22parental%22%3A+%22false%22%2C+%22url%22%3A+%22http%3A%2F%2Fportal.iptvprivateserver.tv%22%2C+%22mac%22%3A+%2200%3A1A%3A78%3AA2%3A70%3A47%22%2C+%22serial%22%3A+%7B%22custom%22%3A+false%7D%2C+%22password%22%3A+%220000%22%7D&amp;mode=play&amp;logo_url=http%3A%2F%2Fportal.iptvprivateserver.tv%2Fstalker_portal%2Fmisc%2Flogos%2F320%2F599.png&quot;)</favourite>
    <favourite name="Music Videos 27" thumb="http://portal.iptvprivateserver.tv/stalker_portal/misc/logos/320/465.png">PlayMedia(&quot;plugin://plugin.video.stalker/?tmp=0&amp;genre_name=%5B%27Music%27%5D&amp;title=Music+Videos+27&amp;cmd=ffrt2+http%3A%2F%2F82.76.249.77%2Futvedge%2Futvmqlivehls%2Fchunklist.m3u8&amp;portal=%7B%22name%22%3A+%22NFPS%22%2C+%22parental%22%3A+%22false%22%2C+%22url%22%3A+%22http%3A%2F%2Fportal.iptvprivateserver.tv%22%2C+%22mac%22%3A+%2200%3A1A%3A78%3AA2%3A70%3A47%22%2C+%22serial%22%3A+%7B%22custom%22%3A+false%7D%2C+%22password%22%3A+%220000%22%7D&amp;mode=play&amp;logo_url=http%3A%2F%2Fportal.iptvprivateserver.tv%2Fstalker_portal%2Fmisc%2Flogos%2F320%2F465.png&quot;)</favourite>
    <favourite name="Music Videos 28" thumb="http://portal.iptvprivateserver.tv/stalker_portal/misc/logos/320/643.png">PlayMedia(&quot;plugin://plugin.video.stalker/?tmp=0&amp;genre_name=%5B%27Music%27%5D&amp;title=Music+Videos+28&amp;cmd=http%3A%2F%2Frtmp.one.by%3A2300%2F&amp;portal=%7B%22name%22%3A+%22NFPS%22%2C+%22parental%22%3A+%22false%22%2C+%22url%22%3A+%22http%3A%2F%2Fportal.iptvprivateserver.tv%22%2C+%22mac%22%3A+%2200%3A1A%3A78%3AA2%3A70%3A47%22%2C+%22serial%22%3A+%7B%22custom%22%3A+false%7D%2C+%22password%22%3A+%220000%22%7D&amp;mode=play&amp;logo_url=http%3A%2F%2Fportal.iptvprivateserver.tv%2Fstalker_portal%2Fmisc%2Flogos%2F320%2F643.png&quot;)</favourite>
    <favourite name="Music Videos 29" thumb="http://portal.iptvprivateserver.tv/stalker_portal/misc/logos/320/711.png">PlayMedia(&quot;plugin://plugin.video.stalker/?tmp=0&amp;genre_name=%5B%27Music%27%5D&amp;title=Music+Videos+29&amp;cmd=http%3A%2F%2Fhd.worldkast.com%3A1935%2F8436%2F8436%2Fplaylist.m3u8&amp;portal=%7B%22name%22%3A+%22NFPS%22%2C+%22parental%22%3A+%22false%22%2C+%22url%22%3A+%22http%3A%2F%2Fportal.iptvprivateserver.tv%22%2C+%22mac%22%3A+%2200%3A1A%3A78%3AA2%3A70%3A47%22%2C+%22serial%22%3A+%7B%22custom%22%3A+false%7D%2C+%22password%22%3A+%220000%22%7D&amp;mode=play&amp;logo_url=http%3A%2F%2Fportal.iptvprivateserver.tv%2Fstalker_portal%2Fmisc%2Flogos%2F320%2F711.png&quot;)</favourite>
    <favourite name="Music Videos 30" thumb="http://portal.iptvprivateserver.tv/stalker_portal/misc/logos/320/713.png">PlayMedia(&quot;plugin://plugin.video.stalker/?tmp=0&amp;genre_name=%5B%27Music%27%5D&amp;title=Music+Videos+30&amp;cmd=http%3A%2F%2Frrr.sz.xlcdn.com%2F%3Faccount%3DAATW%26file%3Dclublandtv%26type%3Dlive%26service%3Dwowza%26protocol%3Dhttp%26output%3Dplaylist.m3u8&amp;portal=%7B%22name%22%3A+%22NFPS%22%2C+%22parental%22%3A+%22false%22%2C+%22url%22%3A+%22http%3A%2F%2Fportal.iptvprivateserver.tv%22%2C+%22mac%22%3A+%2200%3A1A%3A78%3AA2%3A70%3A47%22%2C+%22serial%22%3A+%7B%22custom%22%3A+false%7D%2C+%22password%22%3A+%220000%22%7D&amp;mode=play&amp;logo_url=http%3A%2F%2Fportal.iptvprivateserver.tv%2Fstalker_portal%2Fmisc%2Flogos%2F320%2F713.png&quot;)</favourite>
    <favourite name="MTV Latinoamerica" thumb="http://portal.iptvprivateserver.tv/stalker_portal/misc/logos/320/829.png">PlayMedia(&quot;plugin://plugin.video.stalker/?tmp=1&amp;genre_name=%5B%27Music%27%5D&amp;title=MTV+Latinoamerica&amp;cmd=ffrt2+http%3A%2F%2Flocalhost%2Fch%2F2491&amp;portal=%7B%22name%22%3A+%22NFPS%22%2C+%22parental%22%3A+%22false%22%2C+%22url%22%3A+%22http%3A%2F%2Fportal.iptvprivateserver.tv%22%2C+%22mac%22%3A+%2200%3A1A%3A78%3AA2%3A70%3A47%22%2C+%22serial%22%3A+%7B%22custom%22%3A+false%7D%2C+%22password%22%3A+%220000%22%7D&amp;mode=play&amp;logo_url=http%3A%2F%2Fportal.iptvprivateserver.tv%2Fstalker_portal%2Fmisc%2Flogos%2F320%2F829.png&quot;)</favourite>
    <favourite name="MTV Hits Latinoamerica" thumb="http://portal.iptvprivateserver.tv/stalker_portal/misc/logos/320/883.png">PlayMedia(&quot;plugin://plugin.video.stalker/?tmp=1&amp;genre_name=%5B%27Music%27%5D&amp;title=MTV+Hits+Latinoamerica&amp;cmd=ffrt2+http%3A%2F%2Flocalhost%2Fch%2F1495&amp;portal=%7B%22name%22%3A+%22NFPS%22%2C+%22parental%22%3A+%22false%22%2C+%22url%22%3A+%22http%3A%2F%2Fportal.iptvprivateserver.tv%22%2C+%22mac%22%3A+%2200%3A1A%3A78%3AA2%3A70%3A47%22%2C+%22serial%22%3A+%7B%22custom%22%3A+false%7D%2C+%22password%22%3A+%220000%22%7D&amp;mode=play&amp;logo_url=http%3A%2F%2Fportal.iptvprivateserver.tv%2Fstalker_portal%2Fmisc%2Flogos%2F320%2F883.png&quot;)</favourite>
    <favourite name="K Music" thumb="http://portal.iptvprivateserver.tv/stalker_portal/misc/logos/320/855.png">PlayMedia(&quot;plugin://plugin.video.stalker/?tmp=1&amp;genre_name=%5B%27Music%27%5D&amp;title=K+Music&amp;cmd=ffrt2+http%3A%2F%2Flocalhost%2Fch%2F3467&amp;portal=%7B%22name%22%3A+%22NFPS%22%2C+%22parental%22%3A+%22false%22%2C+%22url%22%3A+%22http%3A%2F%2Fportal.iptvprivateserver.tv%22%2C+%22mac%22%3A+%2200%3A1A%3A78%3AA2%3A70%3A47%22%2C+%22serial%22%3A+%7B%22custom%22%3A+false%7D%2C+%22password%22%3A+%220000%22%7D&amp;mode=play&amp;logo_url=http%3A%2F%2Fportal.iptvprivateserver.tv%2Fstalker_portal%2Fmisc%2Flogos%2F320%2F855.png&quot;)</favourite>
    <favourite name="Concert Channel" thumb="http://portal.iptvprivateserver.tv/stalker_portal/misc/logos/320/223.png">PlayMedia(&quot;plugin://plugin.video.stalker/?tmp=1&amp;genre_name=%5B%27Music%27%5D&amp;title=Concert+Channel&amp;cmd=ffrt2+http%3A%2F%2Flocalhost%2Fch%2F479&amp;portal=%7B%22name%22%3A+%22NFPS%22%2C+%22parental%22%3A+%22false%22%2C+%22url%22%3A+%22http%3A%2F%2Fportal.iptvprivateserver.tv%22%2C+%22mac%22%3A+%2200%3A1A%3A78%3AA2%3A70%3A47%22%2C+%22serial%22%3A+%7B%22custom%22%3A+false%7D%2C+%22password%22%3A+%220000%22%7D&amp;mode=play&amp;logo_url=http%3A%2F%2Fportal.iptvprivateserver.tv%2Fstalker_portal%2Fmisc%2Flogos%2F320%2F223.png&quot;)</favourite>
    <favourite name="HTV" thumb="http://portal.iptvprivateserver.tv/stalker_portal/misc/logos/320/163.png">PlayMedia(&quot;plugin://plugin.video.stalker/?tmp=1&amp;genre_name=%5B%27Music%27%5D&amp;title=HTV&amp;cmd=ffrt2+http%3A%2F%2Flocalhost%2Fch%2F341&amp;portal=%7B%22name%22%3A+%22NFPS%22%2C+%22parental%22%3A+%22false%22%2C+%22url%22%3A+%22http%3A%2F%2Fportal.iptvprivateserver.tv%22%2C+%22mac%22%3A+%2200%3A1A%3A78%3AA2%3A70%3A47%22%2C+%22serial%22%3A+%7B%22custom%22%3A+false%7D%2C+%22password%22%3A+%220000%22%7D&amp;mode=play&amp;logo_url=http%3A%2F%2Fportal.iptvprivateserver.tv%2Fstalker_portal%2Fmisc%2Flogos%2F320%2F163.png&quot;)</favourite>
    <favourite name="Bandamax" thumb="http://portal.iptvprivateserver.tv/stalker_portal/misc/logos/320/853.png">PlayMedia(&quot;plugin://plugin.video.stalker/?tmp=1&amp;genre_name=%5B%27Music%27%5D&amp;title=Bandamax&amp;cmd=ffrt2+http%3A%2F%2Flocalhost%2Fch%2F1467&amp;portal=%7B%22name%22%3A+%22NFPS%22%2C+%22parental%22%3A+%22false%22%2C+%22url%22%3A+%22http%3A%2F%2Fportal.iptvprivateserver.tv%22%2C+%22mac%22%3A+%2200%3A1A%3A78%3AA2%3A70%3A47%22%2C+%22serial%22%3A+%7B%22custom%22%3A+false%7D%2C+%22password%22%3A+%220000%22%7D&amp;mode=play&amp;logo_url=http%3A%2F%2Fportal.iptvprivateserver.tv%2Fstalker_portal%2Fmisc%2Flogos%2F320%2F853.png&quot;)</favourite>
</favourites>
