<?xml version="1.0" encoding="UTF-8" standalone="yes"?>
<addon
  id="plugin.audio.hieuhien.vn.mp3zing"
  version="1.0.5"
  name="[B][COLOR lime]Mp3[/COLOR].[COLOR yellow]zing[/COLOR].[COLOR red]vn[/COLOR][/B]"
  provider-name="MrOdin">
  <requires>
	<import addon="xbmc.python" version="2.1.0" />    
    <import addon="script.common.plugin.cache" version="2.5.2" />    
    <import addon="script.module.requests" version="2.4.3"/>
    <import addon="service.vnmusic" version="1.0.1"/>
  </requires>
  <extension point="xbmc.python.pluginsource"
            library="mp3zing.py">
        <provides>audio</provides>
  </extension>
  <extension point="xbmc.addon.metadata">
    <summary>Nghe nhac tren mp3.zing.vn</summary>
    <description>Nghe nhac tren mp3.zing.vn</description>
    <platform>all</platform>
  </extension>
</addon>
