<?xml version="1.0" encoding="UTF-8" standalone="yes"?>
<addon
  id="plugin.video.hdcaphe"
  version="1.0.1"
  name="[B][COLOR FF00FF00]HDViet[/COLOR][/B]"
  provider-name="Anphunl">
  <requires>
    <import addon="xbmc.python" version="2.1.0"/>
  </requires>
  <extension point="xbmc.python.pluginsource" library="default.py">
        <provides>video</provides>
  </extension>
  <extension point="xbmc.addon.metadata">
    <summary>HDViet</summary>
    <description>Watch free videos from hdviet.com</description>
    <platform>all</platform>
  </extension>
</addon>