﻿<?xml version="1.0" standalone="yes"?>
<addon id="plugin.video.hieuhien.vn.phimmoi" name="[B]PhimMoi.net[/B]" version="1.3.8" provider-name="anhlon">
	<requires>
		<import addon="xbmc.python" version="2.7.0"/>
		<import addon="script.module.framework" version="1.4"/>
	</requires>
	<extension point="xbmc.python.pluginsource" library="default.py" />
	<extension point="xbmc.addon.metadata">
		<summary lang="en"></summary>
		<description lang="en"></description>
		<disclaimer lang="en"></disclaimer>
		<platform>all</platform>
	</extension>
</addon>
