<?xml version="1.0" encoding="UTF-8" standalone="yes"?>
<addon id="plugin.video.hieuhien.vn.megabox"
       name="[COLOR lime][B]Phim MegaBox[/B][/COLOR]"
       version="2.1.3"
       provider-name="Vietnam">
  <requires>
    <import addon="xbmc.python" version="2.1.0" optional="true" />
  </requires>
  <extension point="xbmc.python.pluginsource"
            library="default.py">
        <provides>video</provides>
  </extension>
  <extension point="xbmc.addon.metadata">
    <summary>HCMLIKE-Media HD Film</summary>
    <description>HD Film</description>
	<disclaimer lang="en">
[COLOR lime]Copyright © HCMLIKE.com. 
[COLOR red]Nguồn phát bởi MegaBox và một số nguồn khác trên Internet. Chúng tôi không kiểm soát bất kỳ nguồn phim nào, cũng như không chịu trách nhiệm bản quyền nội dung trên các phim. Người xem đồng ý và cân nhắc nội dung mà mình muốn xem.[/COLOR]</disclaimer>
    <platform>all</platform>
		<license>http://www.gnu.org/licenses/</license>
		<forum>http://www.hdvietnam.com/diendan/229-android-box/969799-danh-sach-cac-ung-dung-pho.html</forum>
		<website>http://hcmlike.com</website>  
		<email>hcmlike@gmail.com</email>
		<source>http://ec2server.entrydns.org/hcmlike/kodi.repo.hcmlike-media</source>
  </extension>
</addon>
