<?xml version="1.0" encoding="UTF-8" standalone="yes"?>
<addon id="plugin.program.hieuhien.vn.FelvsWizard" name="Felvs Wizard" version="2.0.8.1" provider-name="Felv">
  <requires>
    <import addon="xbmc.python" version="2.1.0"/>
  </requires>
  <extension point="xbmc.python.pluginsource">
        <provides></provides>
  </extension>
  <extension point="xbmc.service"/>
  <extension point="xbmc.addon.metadata">
    <summary lang="en">Felvs Wizard</summary>
    <description lang="en">Felvs Wizard allows you to get access to the latest Custom Builds.</description>
    <platform>all</platform>
  </extension>
</addon>
