<?xml version="1.0" encoding="UTF-8" standalone="yes" ?>
<addon id="plugin.audio.hieuhien.vn.csnttn" name="[B][COLOR lime]Chia[/COLOR] [COLOR red]Sẻ [/COLOR][COLOR yellow]Nhạc[/COLOR][COLOR violet] 01[/COLOR][/B]" version="3.3.3" provider-name="thaitni">
    <requires>
        <import addon="xbmc.python" version="2.1.0" optional="true" />
    </requires>
    <extension point="xbmc.python.pluginsource" library="xsharecsn.py">
        <provides>audio</provides>
    </extension>
    <extension point="xbmc.addon.metadata">
        <summary>Xshare - XBMC HD Video</summary>
		<description lang="en">Tìm và Xem HD Video trên chiasenhac.com</description>
		<platform>all</platform>
		<language>en</language>
		<license>GNU General Public License - v2</license>
		<source>https://github.com/thaitni/xbmc.repo.xshare</source>
		<email>thai@thanhthai.net</email>
    </extension>
</addon>