<?xml version="1.0" encoding="UTF-8" standalone="yes"?>
<addon
  id="plugin.video.yeuphim"
  version="1.0.13"
  name="[COLOR lime][B]Phim yeuphim.net[/B][/COLOR]"
  provider-name="Dknight">
  <requires>
        <import addon="xbmc.python" version="2.1.0" optional="true"/>
		<import addon="script.module.beautifulsoup" version="3.0.8"/>
		<import addon="script.module.simplejson" />
		<import addon="script.module.t0mm0.common" version="1.1.0"/>
  </requires>
  <extension point="xbmc.python.pluginsource"
            library="default.py">
        <provides>video</provides>
  </extension>
  <extension point="xbmc.addon.metadata">
    <summary>yeuphim.net</summary>
    <description>[COLOR lime][B]Xem phim online từ website: yeuphim.net [/B][/COLOR]</description>
    <platform>all</platform>
  </extension>
</addon>