<?xml version="1.0" encoding="UTF-8" standalone="yes" ?>
<addon id="plugin.video.hieuhien.vn.xsharefree" name="[B][COLOR blue]Xshare[/COLOR] [COLOR green]Media [/COLOR][COLOR red]Center[/B][/COLOR]" version="3.5.5.1" provider-name="thaitni">
    <requires>
        <import addon="xbmc.python" version="2.1.0"/>
		<import addon="script.video.F4mProxy" optional="true"/>
		<import addon="script.module.youtube.dl" optional="true"/>
    </requires>
    <extension point="xbmc.python.pluginsource" library="xshare.py">
        <provides>video</provides>
    </extension>
    <extension point="xbmc.addon.metadata">
        <summary>Xshare - XBMC HD Video</summary>
		<description lang="en">Tìm và Xem HD Video trên XBMC từ: fshare.vn, 4share.vn, vaphim.com, ifile.tv, phimfshare.com, fptplay.net, hdvietnam.com, megabox.vn, dangcaphd.com, hayhaytv.vn, hdviet.com, pubvn.net, vuahd.tv, phimmoi.net, hdonline.vn, phim3s.net, kenh88.com, phimdata.com, phimsot.com, phim47.com</description>
		<platform>all</platform>
		<language>en</language>
		<license>GNU General Public License - v2</license>
		<source>https://github.com/thaitni/xbmc.repo.xshare</source>
		<email>thai@thanhthai.net</email>
    </extension>
</addon>