<?xml version="1.0" encoding="UTF-8" standalone="yes"?>
	<addon id="plugin.video.hieuhien.vn.xuongphim" version="1.1" name="[COLOR lime][B]XuongPhim.TV[/B][/COLOR]" provider-name="V137">
		<requires>
			<import addon="xbmc.python" version="2.1.0"/>
			<import addon="script.module.requests" version="2.6.0"/>
			<import addon="script.module.xbmcswift2" version="1.3.1" />
		</requires>
		<extension point="xbmc.python.pluginsource" library="default.py">
			<provides>video</provides>
		</extension>
		<extension point="xbmc.addon.metadata">
			<summary>XuongPhim.TV</summary>
			<description>XuongPhim.TV (Vietnamese)</description>
			<platform>all</platform>
		</extension>
	</addon>