<?xml version="1.0" encoding="utf-8" standalone="yes"?>

<channel>
<items>

<item>
<title>[COLOR lime]SBTN USA[/COLOR]</title>
<link>https://www.youtube.com/user/sbtnofficial</link>
<thumbnail></thumbnail>
</item>

<item>
<title>[COLOR lime]SBTN DC[/COLOR]</title>
<link>https://www.youtube.com/user/sbtndc</link>
<thumbnail></thumbnail>
</item>

<item>
<title>[COLOR lime]SBTN Houston[/COLOR]</title>
<link>https://www.youtube.com/user/sbtnhosuton</link>
<thumbnail></thumbnail>
</item>

<item>
<title>[COLOR lime]SBTN Boston[/COLOR]</title>
<link>https://www.youtube.com/user/newssbtnboston</link>
<thumbnail></thumbnail>
</item>

<item>
<title>[COLOR lime]SBTN Canada[/COLOR]</title>
<link>https://www.youtube.com/user/thoibaocanada</link>
<thumbnail></thumbnail>
</item>

<item>
<title>[COLOR lime]SBTN Úc Châu[/COLOR]</title>
<link>https://www.youtube.com/user/SBTNAUS</link>
<thumbnail></thumbnail>
</item>

<item>
<title>[COLOR lime]SBTN Paris[/COLOR]</title>
<link>https://www.youtube.com/user/paris2013sbtn</link>
<thumbnail></thumbnail>
</item>

</items>
</channel>