<favourites>
    <favourite name="[COLOR red][B]~~--~~[/COLOR][COLOR yellow]--~~--~~[/COLOR][COLOR green]--~~--~~--[/COLOR][COLOR white]NFL 2015 - 2016 Season[/COLOR][COLOR green]~~--~~--[/COLOR][COLOR yellow]~~--~~[/COLOR][COLOR red]--~~--~~--[/COLOR][/B]" thumb="http://UniversalBlackbox.com/iconsforskin/nfl.png">PlayMedia(&quot;plugin://script.rawmaintenance/?url=url&amp;mode=1&amp;name=Clear+Cache&amp;sf_options=winID%3D10001%26_options_sf&quot;)</favourite>
	<favourite name="[COLOR=yellow][B]~~~~Some Links WILL NOT WORK until the Game is LIVE!!~~~~[/B][/COLOR]" thumb="http://UniversalBlackbox.com/iconsforskin/nfl.png">ActivateWindow(10025,&quot;plugin://plugin.video.1channel/?mode=BrowseListMenu&amp;section=tv&quot;,return)</favourite>
    
	
	<favourite name="[COLOR=blue][B]~~DIRECT LINKS-CLICK LINKS BELOW AND WATCH~~[/B][/COLOR]" thumb="http://UniversalBlackbox.com/iconsforskin/nfl.png">ActivateWindow(10025,&quot;plugin://plugin.video.genesis/?action=root_search&quot;,return)</favourite>
    <favourite name="[COLOR=red][B]~~10/1 THURDAY NIGHT BAL VS PIT Will be on NFL Network. Use Direct links Below~~[/B][/COLOR]" thumb="http://UniversalBlackbox.com/iconsforskin/nfl.png">PlayMedia(&quot;plugin://plugin.video.1channel/?section=movie&amp;mode=GetSearchQuery&amp;next_mode=Search&amp;sf_options=winID%3D10001%26_options_sf&quot;)</favourite>
    <favourite name="[COLOR white][COLOR oldlace][B]NFL Network (5k)[COLOR blue]SUPER HD [/COLOR][/B]" thumb="http://img3.wikia.nocookie.net/__cb20150809205413/logopedia/images/7/75/Nfl-network-logo.jpg">PlayMedia(&quot;plugin://plugin.video.dextertv/?url=http%3A%2F%2Fnflsvglagame1-i.akamaihd.net%2Fhls%2Flive%2F223206%2FNFL_Mobile%2F2015Mobile_NFLN_5000k.m3u8&amp;mode=12&quot;)</favourite>
    <favourite name="NFL Network (Channel Pear)" thumb="http://channelpear.com/images/media/1222.jpg">PlayMedia(&quot;plugin://plugin.video.channelpear/?url=http%3A%2F%2Fnflsvgatlgame3-i.akamaihd.net%2Fhls%2Flive%2F223175%2FNFL_Mobile%2F2015Mobile_NFLN.m3u8&amp;mode=12&amp;sf_options=winID%3D10001%26_options_sf&quot;)</favourite>

    <favourite name="NFL Network HD" thumb="https://upload.wikimedia.org/wikipedia/en/thumb/0/0c/New_NFL_Logo.svg/303px-New_NFL_Logo.svg.png">PlayMedia(&quot;plugin://plugin.video.ccloudtv/?url=http%3A%2F%2Fnflsvglagame1-i.akamaihd.net%2Fhls%2Flive%2F223206%2FNFL_Mobile%2F2015Mobile_NFLN_2000k.m3u8&amp;mode=12&quot;)</favourite>
    <favourite name="[COLOR oldlace][B]NFL Network [COLOR blue]HD [/B][/COLOR]" thumb="http://img3.wikia.nocookie.net/__cb20150809205413/logopedia/images/7/75/Nfl-network-logo.jpg">PlayMedia(&quot;plugin://plugin.video.dextertv/?url=http%3A%2F%2Fnflsvglagame1-i.akamaihd.net%2Fhls%2Flive%2F223206%2FNFL_Mobile%2F2015Mobile_NFLN_2000k.m3u8&amp;mode=12&quot;)</favourite>
    
    <favourite name="NFL Network SD" thumb="https://upload.wikimedia.org/wikipedia/en/thumb/8/8f/NFL_Network_logo.svg/100px-NFL_Network_logo.svg.png">PlayMedia(&quot;plugin://plugin.video.ccloudtv/?url=http%3A%2F%2Fnflsvglagame1-i.akamaihd.net%2Fhls%2Flive%2F223206%2FNFL_Mobile%2F2015Mobile_NFLN_1500k.m3u8&amp;mode=12&quot;)</favourite>
    
    <favourite name="Stream 1- to access the direct link go to video addons located under the system menu" thumb="special://home/addons\plugin.video.dragon.sports\icon.png">ActivateWindow(10025,&quot;plugin://plugin.video.dragon.sports/&quot;,return)</favourite>
    
	<favourite name="NFL Streams 2" thumb="special://home/addons\plugin.video.sportsaccess\icon.png">ActivateWindow(10025,&quot;plugin://plugin.video.sportsaccess/&quot;,return)</favourite>
	<favourite name="NFL Streams 3 - Check Calendar for game channels, then use the channel list to view the Game" thumb="special://home/addons\plugin.video.kodistreamss\icon.png">ActivateWindow(10025,&quot;plugin://plugin.video.kodistreamss/&quot;,return)</favourite>
    <favourite name="NFL Streams 4" thumb="special://home/addons/plugin.video.HQZone/icon.png">ActivateWindow(10025,&quot;plugin://plugin.video.HQZone/&quot;,return)</favourite>
	<favourite name="NFL Streams 5" thumb="special://home/addons\script.smoothstreams\icon.png">RunScript(&quot;script.smoothstreams&quot;)</favourite>

    <favourite name="NFL Football SportsDevil 1-Streams will be in SD and HD quality (Dimsports)" thumb="special://home/addons\plugin.video.SportsDevil\resources\images\sports/American Football.png">ActivateWindow(10025,&quot;plugin://plugin.video.SportsDevil/?item=title%3dAmerican%2bFootball%26url%3dhttp%253A%252F%252Fwww.idimsports.eu%252Famerican-football.html%26cfg%3ddimsports.eu.links.cfg%26definedIn%3dlivesports%252Fdimsports.eu.cfg%26director%3ddimsports.eu%26genre%3dLive%2bSports%26type%3drss%26icon%3dC%253A%255CUsers%255CDouglas%255CAppData%255CRoaming%255CKodi%255Caddons%255Cplugin.video.SportsDevil%255Cresources%255Cimages%255Csports%252FAmerican%2bFootball.png&amp;mode=1&quot;,return)</favourite>
	<favourite name="NFL Football SportsDevil 2-Streams will be in SD and HD quality (VIPBOX)" thumb="special://home/addons\plugin.video.SportsDevil\resources\images\sports/American Football.png">ActivateWindow(10025,&quot;plugin://plugin.video.SportsDevil/?item=title%3dAmerican%2bFootball%26url%3dhttp%253A%252F%252Fwww.vipstand.is%252Fsports%252Famerican-football.html%26cfg%3dvipbox.tv.events.cfg%26definedIn%3dlivesports%252Fvipbox.tv.cfg%26director%3dVipBox.tv%26genre%3dLive%2bSports%26type%3drss%26icon%3dC%253A%255CUsers%255CDouglas%255CAppData%255CRoaming%255CKodi%255Caddons%255Cplugin.video.SportsDevil%255Cresources%255Cimages%255Csports%252FAmerican%2bFootball.png&amp;mode=1&quot;,return)</favourite>
    <favourite name="NFL Football SportsDevil 3 -Streams will be in SD and HD quality(FirstRowSports)" thumb="special://home/addons\plugin.video.SportsDevil\resources\images\sports/American Football.png">ActivateWindow(10025,&quot;plugin://plugin.video.SportsDevil/?item=title%3dAmerican%2bFootball%26url%3dhttp%253A%252F%252Fwww.gofeed2all.eu%252Ftype%252Famerican-football.html%26cfg%3dfirstrowsports.eu.links.cfg%26definedIn%3dlivesports%252Ffirstrowsports.eu.cfg%26director%3dFirstRowSports.eu%26genre%3dLive%2bSports%26type%3drss%26icon%3dC%253A%255CUsers%255CDouglas%255CAppData%255CRoaming%255CKodi%255Caddons%255Cplugin.video.SportsDevil%255Cresources%255Cimages%255Csports%252FAmerican%2bFootball.png&amp;mode=1&quot;,return)</favourite>
    <favourite name="NFL Football SportsDevil 4 (Live SD Sports)" thumb="special://home/addons\plugin.video.SportsDevil\resources\images\livesports.png">ActivateWindow(10025,&quot;plugin://plugin.video.SportsDevil/?item=title%3dAtdheNet.tv%26url%3dlivesports%252Fatdee.net.cfg%26definedIn%3dlivesports.cfg%26director%3dAtdheNet.tv%26genre%3dLive%2bSports%26type%3drss%26icon%3dC%253A%255CUsers%255CDouglas%255CAppData%255CRoaming%255CKodi%255Caddons%255Cplugin.video.SportsDevil%255Cresources%255Cimages%255Clivesports.png&amp;mode=1&quot;,return)</favourite>
    <favourite name="Live Sport 2(GorillaStreams)" thumb="http://i1295.photobucket.com/albums/b636/beatbox8501/PicsArt_1437423537538_zpsxjwsjeqe.jpg">ActivateWindow(10025,&quot;plugin://plugin.video.gorillastreams/?item=title%3d%255BCOLOR%2bred%255DLive%2bSport%2b2%255B%252FCOLOR%255D%26url%3dtv%252Fcricfree.tv.cfg%26definedIn%3dmainMenu.cfg%26director%3dGorilla%2bStreams%26genre%3dLive%2bTV%26type%3drss%26icon%3dhttp%253A%252F%252Fi1295.photobucket.com%252Falbums%252Fb636%252Fbeatbox8501%252FPicsArt_1437423537538_zpsxjwsjeqe.jpg&amp;mode=1&quot;,return)</favourite>
    <favourite name="[COLOR=blue][B]~~ESPN AND NFL NETWORKs~~[/B][/COLOR]" thumb="special://home/addons\plugin.video.SportsDevil\resources\images\livesports.png">ActivateWindow(10025,&quot;plugin://plugin.video.SportsDevil/?item=title%3dAtdheNet.tv%26url%3dlivesports%252Fatdee.net.cfg%26definedIn%3dlivesports.cfg%26director%3dAtdheNet.tv%26genre%3dLive%2bSports%26type%3drss%26icon%3dC%253A%255CUsers%255CDouglas%255CAppData%255CRoaming%255CKodi%255Caddons%255Cplugin.video.SportsDevil%255Cresources%255Cimages%255Clivesports.png&amp;mode=1&quot;,return)</favourite>
    <favourite name="[COLOR=white]N[/COLOR][COLOR=white]FL Now [/COLOR]" thumb="http://UniversalBlackbox.com/iconsforskin/nfl.png">PlayMedia(&quot;plugin://plugin.video.dragon.sports/?mode=2&amp;item=title%3D%255BCOLOR%253DFF00FF00%255DN%255B%252FCOLOR%255D%255BCOLOR%253Dblue%255DFL%2BNow%2B%255B%252FCOLOR%255D%255BCOLOR%253Dorange%255DSD%255B%252FCOLOR%255D%26url%3Dhttp%253A%252F%252Fnflioslivesvg2-i.akamaihd.net%252Fhls%252Flive%252F221521%252Fnflioslive%252F2015HackerNow_w99d9.m3u8%26cfg%3DSports%252FFootball%252FNFL.cfg%26definedIn%3DSports%252FNFL.cfg%26director%3DDragonStreams%26fanart%3Dhttp%253A%252F%252Fthehottestwallpapers.com%252Fwallpaper%252Fnfl-football-wallpaper-wallpaper-nfl-football-wallpaper-hd%252F%253Fdl%253D1680x1050%26genre%3DLive%2BSports%26type%3Dvideo%26icon%3Dggg&quot;)</favourite>



    

    <favourite name="ESPN">PlayMedia(&quot;plugin://plugin.video.vdubt/?url=http%3A%2F%2Fwww.streamlive.to%2Fembedplayer.php%3Fwidth%3D640%26height%3D400%26channel%3D48051+%26REF%26http%3A%2F%2Fwww.streamlive.to%2F&amp;mode=200&amp;name=ESPN&amp;iconimage=&amp;description=&quot;)</favourite>
    <favourite name="ESPN HD US ">PlayMedia(&quot;plugin://plugin.video.vdubt/?url=http%3A%2F%2F80.80.160.168%2Flive%2F6%2Flive.m3u8&amp;mode=200&amp;name=ESPN+HD+US+&amp;iconimage=&amp;description=&quot;)</favourite>
    <favourite name="ESPN">PlayMedia(&quot;plugin://plugin.video.vdubt/?url=http%3A%2F%2F192.99.39.240%3A1935%2Fflu555%2F_definst_%2Fespn%2Fplaylist.m3u8%3Ftoken%3D&amp;mode=200&amp;name=ESPN&amp;iconimage=&amp;description=&quot;)</favourite>
    <favourite name="ESPN2">PlayMedia(&quot;plugin://plugin.video.vdubt/?url=http%3A%2F%2F192.99.39.240%3A1935%2Fflu555%2F_definst_%2Fespn2%2Fplaylist.m3u8%3Ftoken%3D&amp;mode=200&amp;name=ESPN2&amp;iconimage=&amp;description=&quot;)</favourite>
    <favourite name="ESPN(TV Master)">PlayMedia(&quot;plugin://plugin.video.ccloudtv/?url=http%3A%2F%2F167.114.119.209%3A1935%2Fflu555%2F_definst_%2Fespn%2Fplaylist.m3u8%3Ftoken%3D%0D&amp;mode=12&quot;)</favourite>
    <favourite name="ESPN 2(TV Master)">PlayMedia(&quot;plugin://plugin.video.ccloudtv/?url=http%3A%2F%2F167.114.119.209%3A1935%2Fflu555%2F_definst_%2Fespn2%2Fplaylist.m3u8%3Ftoken%3D%0D&amp;mode=12&quot;)</favourite>
    <favourite name="ESPN(ChannelPear)" thumb="http://channelpear.com/images/media/4047_2.jpg">PlayMedia(&quot;plugin://plugin.video.channelpear/?url=http%3A%2F%2F167.114.101.188%3A1935%2Fflu555%2F_definst_%2Fespn%2Fplaylist.m3u8%3Ftoken%3D&amp;mode=12&quot;)</favourite>
    <favourite name="[COLOR white]ESPN USa SD quality[/COLOR]" thumb="http://www.lyngsat-logo.com/hires/ee/espn_us.png">PlayMedia(&quot;plugin://plugin.video.Daffyslist/?url=http%3A%2F%2Flb.iptvserver.tv%3A8080%2Fredirect%2FLiveEdge%2FESPNUS%2Fplaylist.m3u8%3Ftoken%3D%24doregex%5Btok%5D&amp;mode=17&amp;regexs=%7Bu%27tok%27%3A%20%7B%27refer%27%3A%20u%27http%3A//rtvsource.webcindario.com/%27%2C%20%27page%27%3A%20u%27http%3A//rtvsource.webcindario.com/STALKER.php%3FID%3D963%26F%3B%3D.m3u8%27%2C%20%27setcookie%27%3A%20u%27programa%3Drosadintv%27%2C%20%27expre%27%3A%20u%27token%3D%28.%2A%29%27%7D%7D&quot;)</favourite>
    <favourite name="ESPN USA(Pheonix)" thumb="http://en.ratrodstudio.com/wp-content/uploads/2012/02/espn_icon-200x200.png">PlayMedia(&quot;plugin://plugin.video.phstreams/?name=ESPN+USA&amp;url=rtmp%3A%2F%2F41.242.151.4%3A80%2Flive+playpath%3Despnusaaa+swfUrl%3Dhttp%3A%2F%2Fp.jwpcdn.com%2F6%2F12%2Fjwplayer.flash.swf+pageUrl%3Dhttp%3A%2F%2Freytv.co%2F+live%3D1+token%3D%25Zrey%28nKa%40%23Z&amp;audio=0&amp;image=http%3A%2F%2Fen.ratrodstudio.com%2Fwp-content%2Fuploads%2F2012%2F02%2Fespn_icon-200x200.png&amp;fanart=http%3A%2F%2Fs20.postimg.org%2Fid8xgs00t%2FSports_Background.jpg&amp;playable=false&amp;tvshow=0&amp;content=0&amp;action=resolveUrl&quot;)</favourite>
    <favourite name="ESPN 2(GorillaStreams)" thumb="http://www.freelogovectors.net/wp-content/uploads/2013/04/ESPN2_tv_logo.jpg">PlayMedia(&quot;plugin://plugin.video.phstreams/?name=ESPN+2&amp;url=rtmp%3A%2F%2F41.242.151.4%3A80%2Flive+playpath%3Despn22+swfUrl%3Dhttp%3A%2F%2Fp.jwpcdn.com%2F6%2F12%2Fjwplayer.flash.swf+pageUrl%3Dhttp%3A%2F%2Freytv.co%2F+token%3D%25Zrey%28nKa%40%23Z+live%3D1&amp;audio=0&amp;image=http%3A%2F%2Fwww.freelogovectors.net%2Fwp-content%2Fuploads%2F2013%2F04%2FESPN2_tv_logo.jpg&amp;fanart=http%3A%2F%2Fs20.postimg.org%2Fid8xgs00t%2FSports_Background.jpg&amp;playable=false&amp;tvshow=0&amp;content=0&amp;action=resolveUrl&quot;)</favourite>
    <favourite name="Espn Usa(GorillaStreams)" thumb="special://home/addons\plugin.video.gorillastreams\resources\images\channels/Espn Usa">ActivateWindow(10025,&quot;plugin://plugin.video.gorillastreams/?item=catcher%3dstreams%26title%3dEspn%2bUsa%26url%3dhttp%253A%252F%252Fcricfree.sx%252Fespn-usa-live-stream%26videoTitle%3dEspn%2bUsa%26director%3dGorilla%2bStreams%26genre%3dLive%2bTV%26referer%3dhttp%253A%252F%252Fcricfree.sx%252Fespn-usa-live-stream%26definedIn%3dtv%252Fcricfree.tv.cfg%26link%3despn-usa-live-stream%26type%3drss%26icon%3dC%253A%255CUsers%255CDouglas%255CAppData%255CRoaming%255CKodi%255Caddons%255Cplugin.video.gorillastreams%255Cresources%255Cimages%255Cchannels%252FEspn%2bUsa&amp;mode=1&quot;,return)</favourite>
    <favourite name="Espn(GorillaStreams)" thumb="special://home/addons\plugin.video.gorillastreams\resources\images\channels/Espn">ActivateWindow(10025,&quot;plugin://plugin.video.gorillastreams/?item=catcher%3dstreams%26title%3dEspn%26url%3dhttp%253A%252F%252Fcricfree.sx%252Fespn-live-stream-uk%26videoTitle%3dEspn%26director%3dGorilla%2bStreams%26genre%3dLive%2bTV%26referer%3dhttp%253A%252F%252Fcricfree.sx%252Fespn-live-stream-uk%26definedIn%3dtv%252Fcricfree.tv.cfg%26link%3despn-live-stream-uk%26type%3drss%26icon%3dC%253A%255CUsers%255CDouglas%255CAppData%255CRoaming%255CKodi%255Caddons%255Cplugin.video.gorillastreams%255Cresources%255Cimages%255Cchannels%252FEspn&amp;mode=1&quot;,return)</favourite>
    <favourite name="Espn2(GorillaStreams)" thumb="special://home/addons\plugin.video.gorillastreams\resources\images\channels/Espn2">ActivateWindow(10025,&quot;plugin://plugin.video.gorillastreams/?item=catcher%3dstreams%26title%3dEspn2%26url%3dhttp%253A%252F%252Fcricfree.sx%252Fespn2-live-stream%26videoTitle%3dEspn2%26director%3dGorilla%2bStreams%26genre%3dLive%2bTV%26referer%3dhttp%253A%252F%252Fcricfree.sx%252Fespn2-live-stream%26definedIn%3dtv%252Fcricfree.tv.cfg%26link%3despn2-live-stream%26type%3drss%26icon%3dC%253A%255CUsers%255CDouglas%255CAppData%255CRoaming%255CKodi%255Caddons%255Cplugin.video.gorillastreams%255Cresources%255Cimages%255Cchannels%252FEspn2&amp;mode=1&quot;,return)</favourite>
    <favourite name="ESPN UK (HD) (GorillaStreams)&#x0A;" thumb="//snapshots.streamlive.to/snapshots/v95pwzd4011ev3g_snapshot.jpg">ActivateWindow(10025,&quot;plugin://plugin.video.gorillastreams/?item=title%3dESPN%2bUK%2b%2528HD%2529%2b%250A%26url%3dhttp%253A%252F%252Fwww.streamlive.to%252Fembedplayer.php%253Fwidth%253D640%2526height%253D400%2526channel%253D70190%26cfg%3dilive.to.cfg%2540Streams%26definedIn%3dilive.to.cfg%26director%3dGorilla%2bStreams%26genre%3dLive%2bTV%26type%3drss%26icon%3d%252F%252Fsnapshots.streamlive.to%252Fsnapshots%252Fv95pwzd4011ev3g_snapshot.jpg&amp;mode=1&quot;,return)</favourite>
    <favourite name="ESPN (HD)(GorillaStreams)" thumb="//snapshots.streamlive.to/snapshots/xoaaohmeuajfeyf_snapshot.jpg">ActivateWindow(10025,&quot;plugin://plugin.video.gorillastreams/?item=title%3dESPN%2b%2528HD%2529%2b%250A%26url%3dhttp%253A%252F%252Fwww.streamlive.to%252Fembedplayer.php%253Fwidth%253D640%2526height%253D400%2526channel%253D48051%26cfg%3dilive.to.cfg%2540Streams%26definedIn%3dilive.to.cfg%26director%3dGorilla%2bStreams%26genre%3dLive%2bTV%26type%3drss%26icon%3d%252F%252Fsnapshots.streamlive.to%252Fsnapshots%252Fxoaaohmeuajfeyf_snapshot.jpg&amp;mode=1&quot;,return)</favourite>
    <favourite name="ESPN">PlayMedia(&quot;plugin://plugin.video.vdubt/?url=http%3A%2F%2Fwww.streamlive.to%2Fembedplayer.php%3Fwidth%3D640%26height%3D400%26channel%3D48051+%26REF%26http%3A%2F%2Fwww.streamlive.to%2F&amp;mode=200&amp;name=ESPN&amp;iconimage=&amp;description=&amp;sf_options=winID%3D10001%26_options_sf&quot;)</favourite>
    <favourite name="ESPN HD US ">PlayMedia(&quot;plugin://plugin.video.vdubt/?url=http%3A%2F%2F80.80.160.168%2Flive%2F6%2Flive.m3u8&amp;mode=200&amp;name=ESPN+HD+US+&amp;iconimage=&amp;description=&amp;sf_options=winID%3D10001%26_options_sf&quot;)</favourite>
    <favourite name="ESPN">PlayMedia(&quot;plugin://plugin.video.vdubt/?url=http%3A%2F%2F192.99.39.240%3A1935%2Fflu555%2F_definst_%2Fespn%2Fplaylist.m3u8%3Ftoken%3D&amp;mode=200&amp;name=ESPN&amp;iconimage=&amp;description=&amp;sf_options=winID%3D10001%26_options_sf&quot;)</favourite>
    <favourite name="ESPN2">PlayMedia(&quot;plugin://plugin.video.vdubt/?url=http%3A%2F%2F192.99.39.240%3A1935%2Fflu555%2F_definst_%2Fespn2%2Fplaylist.m3u8%3Ftoken%3D&amp;mode=200&amp;name=ESPN2&amp;iconimage=&amp;description=&amp;sf_options=winID%3D10001%26_options_sf&quot;)</favourite>

    <favourite name="[COLOR=blue][B]~Sky Sports 3 SUN 9-13 7HST 10PST 1pmEST GREEN BAY VS CHICAGO -- THEN 10:25HST 1:25PST 4:25EST RAVENS VS BRONCOS---MON 9-14 2:30HST 5:30PST 8:30EST GIANTS VS COWBOYS~[/B][/COLOR]" thumb="special://home/addons/script.1channel.themepak/art/themes/Glossy_Black/search.png">PlayMedia(&quot;plugin://plugin.video.1channel/?section=tv&amp;mode=GetSearchQuery&amp;next_mode=Search&amp;sf_options=winID%3D10001%26_options_sf&quot;)</favourite>

    <favourite name="HQZONE[COLOR blue]Sky Sports 3 HD[/COLOR] " thumb="special://home/Kodi\addons\plugin.video.HQZone\icon.png">PlayMedia(&quot;plugin://plugin.video.HQZone/?url=http%3A%2F%2Fstraighthost.com%2Fbilling%2Fvip%2F12.php&amp;mode=3&amp;name=%5BCOLOR+blue%5DSky+Sports+3+HD%5B%2FCOLOR%5D+&amp;description=&quot;)</favourite>
    
</favourites>