<?xml version="1.0" encoding="UTF-8" standalone="yes"?>
<addon id="plugin.audio.hieuhien.vn.vietmusic"
       version="1.8.3"
       name="VietMusic"
       provider-name="VietMusic">
  <requires>
    <import addon="xbmc.python" version="2.1.0" optional="true" />
	<import addon="script.module.simple.downloader" version="1.9.4" />
	<import addon="script.module.t0mm0.common" version="1.1.0"/>
  </requires>
  <extension point="xbmc.python.pluginsource" library="default.py">
        <provides>audio</provides>
  </extension>
  <extension point="xbmc.addon.metadata">
    <summary>Viet Music online</summary>
    <description>Add-on play Vietnamese Music online</description>
    <platform>all</platform>
  </extension>
</addon>