<?xml version="1.0" encoding="UTF-8" standalone="yes"?>
<addon
  id="plugin.video.bongdatructuyen"
  version="1.0.7"
  name="[COLOR violet][B]Bongdatructuyen.vn[/B][/COLOR]"
  provider-name="traitravinh">
  <requires>       		
  </requires>
  <extension point="xbmc.python.pluginsource"
            library="bongdatructuyen.py">
        <provides>video</provides>
  </extension>
  <extension point="xbmc.addon.metadata">
    <summary>Watch Soccer Live/Highlights using SopCast, AceStream. [COLOR red]Require[/COLOR] [COLOR FFFFA500]P2P-Streams addons[/COLOR] [COLOR red]to play streams[/COLOR]</summary>
    <description>Watch Soccer Live/Highlights Videos. Need p2p-streams addon installed and configured to work</description>
    <platform>all</platform>
  </extension>
</addon>