<favourites>
	<favourite name="VideoDevil" thumb="special://home/addons/plugin.video.videodevil/icon.png">ActivateWindow(10025,&quot;plugin://plugin.video.videodevil/&quot;,return)</favourite>
	<favourite name="Fantasti.cc" thumb="special://home/addons/plugin.video.fantasticc/icon.png">ActivateWindow(10025,&quot;plugin://plugin.video.fantasticc/&quot;,return)</favourite>
	<favourite name="znet[COLOR red]adult[COLOR yellow]18+[/COLOR]" thumb="special://home/addons/plugin.video.znetadult/icon.png">ActivateWindow(10025,&quot;plugin://plugin.video.znetadult/&quot;,return)</favourite>
	<favourite name="Restriced Channels" thumb="http://www.blackbox247.com/images/Lock.jpg">ActivateWindow(10025,&quot;plugin://plugin.program.super.favourites/?label=Restriced Channels&amp;mode=400&amp;path=special%3A%2F%2Fhome%2Faddons%2Fplugin.video.live.streams%2FSuper%20Favourites%5CRestriced%20Channels&amp;sf_options=fanart%3Dspecial%3A%2F%2Fhome%2Faddons%5Cplugin.program.super.favourites%5Cfanart.jpg%26_options_sf&quot;,return)</favourite>
</favourites>