<favourites>
	<favourite name="NetMedia" thumb="special://home/addons/plugin.video.netmedia/icon.png">ActivateWindow(10025,&quot;plugin://plugin.video.netmedia/&quot;,return)</favourite>
	<favourite name="NetVideos" thumb="special://home/addons/plugin.video.netvideos/icon.png">ActivateWindow(10025,&quot;plugin://plugin.video.netvideos/&quot;,return)</favourite>
	<favourite name="ChanTube" thumb="special://home/addons/plugin.video.chantube/icon.png">ActivateWindow(10025,&quot;plugin://plugin.video.chantube/&quot;,return)</favourite>
	<favourite name="Tôn Giáo" thumb="special://home/addons/plugin.video.netmedia/resources/logos\tongiao.png">ActivateWindow(10025,&quot;plugin://plugin.video.netmedia/?iconimage=%2fstorage%2femulated%2f0%2fAndroid%2fdata%2forg.xbmc.kodi%2ffiles%2f.kodi%2faddons%2fplugin.video.netmedia%2fresources%2flogos%5ctongiao.png&amp;mode=2&amp;name=T%c3%b4n%20Gi%c3%a1o&amp;url=TonGiao&quot;,return)</favourite>
	<favourite name="MY TUBE" thumb="special://home/addons/plugin.video.itvplus/logos\MYTUBE.png">ActivateWindow(10025,&quot;plugin://plugin.video.itvplus/?iconimage=%2fstorage%2femulated%2f0%2fAndroid%2fdata%2forg.xbmc.kodi%2ffiles%2f.kodi%2faddons%2fplugin.video.itvplus%2flogos%5cMYTUBE.png&amp;mode=menu_group&amp;name=MY%20TUBE&amp;url=http%3a%2f%2fxbmc.itvplus.net%2fMENU%2fI-MenuTube.xml&quot;,return)</favourite>
	<favourite name="Ẩm Thực Tình Yêu" thumb="special://home/addons/plugin.video.netmedia/resources/logos\amthuctinhyeu.png">ActivateWindow(10025,&quot;plugin://plugin.video.netmedia/?iconimage=%2fstorage%2femulated%2f0%2fAndroid%2fdata%2forg.xbmc.kodi%2ffiles%2f.kodi%2faddons%2fplugin.video.netmedia%2fresources%2flogos%5camthuctinhyeu.png&amp;mode=2&amp;name=%e1%ba%a8m%20Th%e1%bb%b1c%20T%c3%acnh%20Y%c3%aau&amp;url=NauAn&quot;,return)</favourite>
	<favourite name="Món Ngon Mỗi Ngày" thumb="special://home/addons/plugin.video.MonNgonMoiNgay/icon.png">ActivateWindow(10025,&quot;plugin://plugin.video.MonNgonMoiNgay/&quot;,return)</favourite>
	<favourite name="Trang Điểm" thumb="special://home/addons/plugin.video.netmedia/resources/logos\trangdiem.png">ActivateWindow(10025,&quot;plugin://plugin.video.netmedia/?iconimage=%2fstorage%2femulated%2f0%2fAndroid%2fdata%2forg.xbmc.kodi%2ffiles%2f.kodi%2faddons%2fplugin.video.netmedia%2fresources%2flogos%5ctrangdiem.png&amp;mode=2&amp;name=Trang%20%c4%90i%e1%bb%83m&amp;url=TrangDiem&quot;,return)</favourite>
	<favourite name="Documentaries * Phim Tài Liệu hay" thumb="http://metalkettle.co/UKTurk/thumbs/UK%20TURK%20documentaries.jpg">ActivateWindow(10025,&quot;plugin://plugin.video.ukturk/?description&amp;iconimage=http%3a%2f%2fmetalkettle.co%2fUKTurk%2fthumbs%2fUK%2520TURK%2520documentaries.jpg&amp;mode=1&amp;name=Documentaries&amp;url=http%3a%2f%2fmetalkettle.co%2fUKTurk%2fdocs%2fIndex.txt&quot;,return)</favourite>
	<favourite name="Docu-Hub * Tài Liệu" thumb="special://home/addons/plugin.video.docuhub/icon.png">ActivateWindow(10025,&quot;plugin://plugin.video.docuhub/&quot;,return)</favourite>
	<favourite name="Thể Thao &amp; Thể Dục" thumb="special://home/addons/plugin.video.netmedia/resources/logos\thethao.png">ActivateWindow(10025,&quot;plugin://plugin.video.netmedia/?iconimage=%2fstorage%2femulated%2f0%2fAndroid%2fdata%2forg.xbmc.kodi%2ffiles%2f.kodi%2faddons%2fplugin.video.netmedia%2fresources%2flogos%5cthethao.png&amp;mode=2&amp;name=Th%e1%bb%83%20Thao%20%26%20Th%e1%bb%83%20D%e1%bb%a5c&amp;url=TheThao&quot;,return)</favourite>
	<favourite name="Du Lịch &amp; Cuộc Sống" thumb="special://home/addons/plugin.video.netmedia/resources/logos\dulich.png">ActivateWindow(10025,&quot;plugin://plugin.video.netmedia/?iconimage=%2fstorage%2femulated%2f0%2fAndroid%2fdata%2forg.xbmc.kodi%2ffiles%2f.kodi%2faddons%2fplugin.video.netmedia%2fresources%2flogos%5cdulich.png&amp;mode=2&amp;name=Du%20L%e1%bb%8bch%20%26%20Cu%e1%bb%99c%20S%e1%bb%91ng&amp;url=DuLich&quot;,return)</favourite>
	<favourite name="Di trú và Nhập Tịch Hoa Kỳ" thumb="special://home/addons/plugin.video.netmedia/resources/logos\ditru.png">ActivateWindow(10025,&quot;plugin://plugin.video.netmedia/?iconimage=%2fstorage%2femulated%2f0%2fAndroid%2fdata%2forg.xbmc.kodi%2ffiles%2f.kodi%2faddons%2fplugin.video.netmedia%2fresources%2flogos%5cditru.png&amp;mode=2&amp;name=Di%20tr%c3%ba%20v%c3%a0%20Nh%e1%ba%adp%20T%e1%bb%8bch%20Hoa%20K%e1%bb%b3&amp;url=DiTru&quot;,return)</favourite>
	<favourite name="Đồng Giao TV" thumb="special://home/addons/plugin.video.kodi4vn.donggiao/icon.png">ActivateWindow(10025,&quot;plugin://plugin.video.kodi4vn.donggiao/&quot;,return)</favourite>
	<favourite name="[COLOR yellow][COLOR yellow]Du Lịch - Khám Phá[/COLOR]" thumb="https://googledrive.com/host/0B7zkkQwo5pr5fjNUcHcwMEkyS0gxUGRvQlMzaGpxSDQtZGNtUVZrSy1fQzhDSjJ1NEhmbmM/dulich1.png">ActivateWindow(10025,&quot;plugin://plugin.video.livetv/?iconimage=https%3a%2f%2fgoogledrive.com%2fhost%2f0B7zkkQwo5pr5fjNUcHcwMEkyS0gxUGRvQlMzaGpxSDQtZGNtUVZrSy1fQzhDSjJ1NEhmbmM%2fdulich1.png&amp;mode=tvchannel&amp;name=%5bCOLOR%20yellow%5d%5bCOLOR%20yellow%5d%5bB%5dDu%20L%e1%bb%8bch%20-%20Kh%c3%a1m%20Ph%c3%a1%5b%2fB%5d%5b%2fCOLOR%5d&amp;url=https%3a%2f%2fgoogledrive.com%2fhost%2f0B7zkkQwo5pr5fjNUcHcwMEkyS0gxUGRvQlMzaGpxSDQtZGNtUVZrSy1fQzhDSjJ1NEhmbmM%2fdulich.xml&quot;,return)</favourite>
	<favourite name="HGTV" thumb="special://home/addons/plugin.video.ulive_com/iconHGTV.png">ActivateWindow(10025,&quot;plugin://plugin.video.ulive_com/?mode=listShows&amp;thumb=%2fstorage%2femulated%2f0%2fAndroid%2fdata%2forg.xbmc.kodi%2ffiles%2f.kodi%2faddons%2fplugin.video.ulive_com%2ficonHGTV.png&amp;type&amp;url=http%3a%2f%2fwww.ulive.com%2fhgtv&quot;,return)</favourite>
	<favourite name="HGTV 2" thumb="special://home/addons/plugin.video.hgtv/icon.png">ActivateWindow(10025,&quot;plugin://plugin.video.hgtv/&quot;,return)</favourite>
	<favourite name="Travel Channel" thumb="special://home/addons/plugin.video.ulive_com/iconTC.png">ActivateWindow(10025,&quot;plugin://plugin.video.ulive_com/?mode=listShows&amp;thumb=%2fstorage%2femulated%2f0%2fAndroid%2fdata%2forg.xbmc.kodi%2ffiles%2f.kodi%2faddons%2fplugin.video.ulive_com%2ficonTC.png&amp;type&amp;url=http%3a%2f%2fwww.ulive.com%2ftravel-channel&quot;,return)</favourite>
	<favourite name="Food Network" thumb="special://home/addons/plugin.video.ulive_com/iconFN.png">ActivateWindow(10025,&quot;plugin://plugin.video.ulive_com/?mode=listShows&amp;thumb=%2fstorage%2femulated%2f0%2fAndroid%2fdata%2forg.xbmc.kodi%2ffiles%2f.kodi%2faddons%2fplugin.video.ulive_com%2ficonFN.png&amp;type&amp;url=http%3a%2f%2fwww.ulive.com%2ffood-network&quot;,return)</favourite>
	<favourite name="DIY Networks" thumb="special://home/addons/plugin.video.ulive_com/iconDIY.png">ActivateWindow(10025,&quot;plugin://plugin.video.ulive_com/?mode=listShows&amp;thumb=%2fstorage%2femulated%2f0%2fAndroid%2fdata%2forg.xbmc.kodi%2ffiles%2f.kodi%2faddons%2fplugin.video.ulive_com%2ficonDIY.png&amp;type&amp;url=http%3a%2f%2fwww.ulive.com%2fdiy-network&quot;,return)</favourite>
	<favourite name="[COLOR yellow]Giải Trí Tổng Hợp[/COLOR]" thumb="https://googledrive.com/host/0B7zkkQwo5pr5fjNUcHcwMEkyS0gxUGRvQlMzaGpxSDQtZGNtUVZrSy1fQzhDSjJ1NEhmbmM/tvshow1.png">ActivateWindow(10025,&quot;plugin://plugin.video.livetv/?iconimage=https%3a%2f%2fgoogledrive.com%2fhost%2f0B7zkkQwo5pr5fjNUcHcwMEkyS0gxUGRvQlMzaGpxSDQtZGNtUVZrSy1fQzhDSjJ1NEhmbmM%2ftvshow1.png&amp;mode=tvchannel&amp;name=%5bCOLOR%20yellow%5d%5bB%5dGi%e1%ba%a3i%20Tr%c3%ad%20T%e1%bb%95ng%20H%e1%bb%a3p%5b%2fB%5d%5b%2fCOLOR%5d&amp;url=https%3a%2f%2fgoogledrive.com%2fhost%2f0B7zkkQwo5pr5fjNUcHcwMEkyS0gxUGRvQlMzaGpxSDQtZGNtUVZrSy1fQzhDSjJ1NEhmbmM%2ftonghop.xml&quot;,return)</favourite>
	<favourite name="DU LICH &amp; TV SHOWS" thumb="special://home/addons/plugin.video.itvplus/logos\TVSHOWS.png">ActivateWindow(10025,&quot;plugin://plugin.video.itvplus/?iconimage=%2fstorage%2femulated%2f0%2fAndroid%2fdata%2forg.xbmc.kodi%2ffiles%2f.kodi%2faddons%2fplugin.video.itvplus%2flogos%5cTVSHOWS.png&amp;mode=menu_group&amp;name=TV%20SHOWS&amp;url=http%3a%2f%2fxbmc.itvplus.net%2fMENU%2fI-MenuShows.xml&quot;,return)</favourite>
	
</favourites>