<?xml version="1.0" encoding="UTF-8" standalone="yes" ?>
<addon id="plugin.video.xsharefree" name="[COLOR lime][B]Kho Phim Xshare[/B][/COLOR]" version="3.2.13" provider-name="thaitni">
    <requires>
        <import addon="xbmc.python" version="2.1.0" optional="true" />
    </requires>
    <extension point="xbmc.python.pluginsource" library="xsharefree.py">
        <provides>video</provides>
    </extension>
    <extension point="xbmc.addon.metadata">
        <summary>Xshare - XBMC HD Video</summary>
		<description lang="en">Tìm và Xem HD Video trên XBMC từ: fptplay.net, megabox.vn, hayhaytv.vn, hdviet.com, phimmoi.net</description>
		<platform>all</platform>
		<language>en</language>
		<license>GNU General Public License - v2</license>
		<source>https://github.com/thaitni/xbmc.repo.xshare</source>
		<email>thai@thanhthai.net</email>
    </extension>
</addon>