<favourites>
	<favourite name="Xì Xầm" thumb="special://home/addons/plugin.video.phim.xixam.com/icon.png">ActivateWindow(10025,&quot;plugin://plugin.video.phim.xixam.com/&quot;,return)</favourite>
	<favourite name="Xóm Giải Trí" thumb="special://home/addons/plugin.video.HelenRecipes/icon.png">ActivateWindow(10025,&quot;plugin://plugin.video.HelenRecipes/&quot;,return)</favourite>
	<favourite name="Phim 3S" thumb="http://www.blackbox247.com/images/Phim3S.png">ActivateWindow(10025,&quot;plugin://plugin.video.hayhaytv/?iconimage=C%3a%5cUsers%5chtran%5cAppData%5cRoaming%5cKodi%5caddons%5cplugin.video.hayhaytv%5cresources%5clogos%5cphim3s.png&amp;mode=2&amp;name=%5bCOLOR%20yellow%5dphim3s.net%5b%2fCOLOR%5d&amp;url=http%3a%2f%2fphim3s.net%2f&quot;,return)</favourite>
	<favourite name="Yêu Phim" thumb="special://home/addons/plugin.video.yeuphim/icon.png">ActivateWindow(10025,&quot;plugin://plugin.video.kodi4vn.yeuphim/&quot;,return)</favourite>
	<favourite name="Kenh88.com" thumb="special://home/addons/plugin.video.kenh88/icon.png">ActivateWindow(10025,&quot;plugin://plugin.video.kenh88/&quot;,return)</favourite>
	<favourite name="Phim14.net" thumb="special://home/addons/plugin.video.kodi4vn.phim14.net/icon.png">ActivateWindow(10025,&quot;plugin://plugin.video.kodi4vn.phim14.net/&quot;,return)</favourite>
	<favourite name="vkool.net" thumb="http://www.blackbox247.com/images/vkool.png">ActivateWindow(10025,&quot;plugin://plugin.video.vkool/&quot;,return)</favourite>
	<favourite name="PhimLT.com" thumb="http://www.blackbox247.com/images/PhimLT.png">ActivateWindow(10025,&quot;plugin://plugin.video.PhimLT.com/&quot;,return)</favourite>
	<favourite name="moviHD.net" thumb="http://www.blackbox247.com/images/MoviHD.png">ActivateWindow(10025,&quot;plugin://plugin.video.moviHD/&quot;,return)</favourite>
	<favourite name="AnhTrang.org" thumb="special://home/addons/plugin.video.kodi4vn.anhtrang.org/icon.png">ActivateWindow(10025,&quot;plugin://plugin.video.kodi4vn.anhtrang.org/&quot;,return)</favourite>
	<favourite name="MovieBox" thumb="special://home/addons/plugin.video.kodi4vn.moviebox/icon.png">ActivateWindow(10025,&quot;plugin://plugin.video.kodi4vn.moviebox/&quot;,return)</favourite>
	<favourite name="PhimVang.org" thumb="special://home/addons/plugin.video.kodi4vn.phimvang.org/icon.png">ActivateWindow(10025,&quot;plugin://plugin.video.kodi4vn.phimvang.org/&quot;,return)</favourite>
	<favourite name="[COLOR lime]Phim7.com[/COLOR]" thumb="special://home/addons/plugin.video.hayhaytv/resources/logos\phim7.png">ActivateWindow(10025,&quot;plugin://plugin.video.hayhaytv/?iconimage=%2fstorage%2femulated%2f0%2fAndroid%2fdata%2forg.xbmc.kodi%2ffiles%2f.kodi%2faddons%2fplugin.video.hayhaytv%2fresources%2flogos%5cphim7.png&amp;mode=2&amp;name=%5bCOLOR%20lime%5dphim7.com%5b%2fCOLOR%5d&amp;url=http%3a%2f%2fphim7.com&quot;,return)</favourite>
	<favourite name="[COLOR cyan]Phimb.net[/COLOR]" thumb="special://home/addons/plugin.video.hayhaytv/resources/logos\phimb.png">ActivateWindow(10025,&quot;plugin://plugin.video.hayhaytv/?iconimage=%2fstorage%2femulated%2f0%2fAndroid%2fdata%2forg.xbmc.kodi%2ffiles%2f.kodi%2faddons%2fplugin.video.hayhaytv%2fresources%2flogos%5cphimb.png&amp;mode=2&amp;name=%5bCOLOR%20cyan%5dphimb.net%5b%2fCOLOR%5d&amp;url=http%3a%2f%2fwww.phimb.net&quot;,return)</favourite>
	<favourite name="PHIM TRUYỆN" thumb="special://home/addons/plugin.video.itvplus/logos\MOVIE.png">ActivateWindow(10025,&quot;plugin://plugin.video.itvplus/?iconimage=%2fstorage%2femulated%2f0%2fAndroid%2fdata%2forg.xbmc.kodi%2ffiles%2f.kodi%2faddons%2fplugin.video.itvplus%2flogos%5cMOVIE.png&amp;mode=menu_group&amp;name=PHIM%20TRUY%e1%bb%86N&amp;url=http%3a%2f%2fxbmc.itvplus.net%2fMENU%2fI-MenuMovie.xml&quot;,return)</favourite>
	<favourite name="[COLOR orange]anhtrang.org[/COLOR]" thumb="special://home/addons/plugin.video.hayhaytv/resources/logos\anhtrang.png">ActivateWindow(10025,&quot;plugin://plugin.video.hayhaytv/?iconimage=%2fstorage%2femulated%2f0%2fAndroid%2fdata%2forg.xbmc.kodi%2ffiles%2f.kodi%2faddons%2fplugin.video.hayhaytv%2fresources%2flogos%5canhtrang.png&amp;mode=2&amp;name=%5bCOLOR%20orange%5danhtrang.org%5b%2fCOLOR%5d&amp;url=http%3a%2f%2fphim.anhtrang.org%2f&quot;,return)</favourite>
	<favourite name="[COLOR yellow][B]Movies - Phim lẻ[/B][/COLOR]" thumb="https://googledrive.com/host/0B7zkkQwo5pr5fjNUcHcwMEkyS0gxUGRvQlMzaGpxSDQtZGNtUVZrSy1fQzhDSjJ1NEhmbmM/phimle.png">ActivateWindow(10025,&quot;plugin://plugin.video.livetv/?iconimage=https%3a%2f%2fgoogledrive.com%2fhost%2f0B7zkkQwo5pr5fjNUcHcwMEkyS0gxUGRvQlMzaGpxSDQtZGNtUVZrSy1fQzhDSjJ1NEhmbmM%2fphimle.png&amp;mode=tvchannel&amp;name=%5bCOLOR%20yellow%5d%5bB%5dMovies%20-%20Phim%20l%e1%ba%bb%5b%2fB%5d%5b%2fCOLOR%5d&amp;url=https%3a%2f%2fgoogledrive.com%2fhost%2f0B7zkkQwo5pr5fjNUcHcwMEkyS0gxUGRvQlMzaGpxSDQtZGNtUVZrSy1fQzhDSjJ1NEhmbmM%2fPhim3sLeFull.xml&quot;,return)</favourite>
	<favourite name="[COLOR yellow][B]Giải Trí Tổng Hợp[/B][/COLOR]" thumb="https://googledrive.com/host/0B7zkkQwo5pr5fjNUcHcwMEkyS0gxUGRvQlMzaGpxSDQtZGNtUVZrSy1fQzhDSjJ1NEhmbmM/tvshow1.png">ActivateWindow(10025,&quot;plugin://plugin.video.livetv/?iconimage=https%3a%2f%2fgoogledrive.com%2fhost%2f0B7zkkQwo5pr5fjNUcHcwMEkyS0gxUGRvQlMzaGpxSDQtZGNtUVZrSy1fQzhDSjJ1NEhmbmM%2ftvshow1.png&amp;mode=tvchannel&amp;name=%5bCOLOR%20yellow%5d%5bB%5dGi%e1%ba%a3i%20Tr%c3%ad%20T%e1%bb%95ng%20H%e1%bb%a3p%5b%2fB%5d%5b%2fCOLOR%5d&amp;url=https%3a%2f%2fgoogledrive.com%2fhost%2f0B7zkkQwo5pr5fjNUcHcwMEkyS0gxUGRvQlMzaGpxSDQtZGNtUVZrSy1fQzhDSjJ1NEhmbmM%2ftonghop.xml&quot;,return)</favourite>
</favourites>