<?xml version="1.0" encoding="UTF-8" standalone="yes"?>
<addon
  id="plugin.video.hieuhien.vn.hdviet"
  version="1.1.7"
  name="[B]HDViet[/B]"
  provider-name="lnt900">
  <requires>
    <import addon="xbmc.python" version="2.1.0"/>
  </requires>
  <extension point="xbmc.python.pluginsource" library="default.py" />
        
  <extension point="xbmc.addon.metadata">
    <summary>HDViet</summary>
    <description>Watch free videos from hdviet.com</description>
    <platform>all</platform>
  </extension>
</addon>