<?xml version="1.0" encoding="UTF-8"?>
<addon
	id="plugin.video.hieuhien.vn.tvvn"
	version="0.9.8"
	name="[COLOR violet][B]TV Viet Nam[/B][/COLOR]"
	provider-name="Binh Nguyen">
	<requires>
		<import addon="xbmc.python" version="2.1.0"/>
	</requires>
	<extension point="xbmc.python.pluginsource" library="tvvn.py">
		<provides>video</provides>
	</extension>
	<extension point="xbmc.addon.metadata">
		<platform>all</platform>
		<language>en vi</language>
		<website>http://zecoj.com</website>
		<source>https://github.com/zecoj/xbmc-tvvn</source>
		<summary lang="en">TV Việt Nam</summary>
		<description lang="en">[COLOR lime][B]Xem trực tiếp các kênh truyền hình và các đài phát thanh từ Việt Nam và hải ngoại. If you enjoy using the plugin, consider donate via PayPal to b [AT] zecoj [DOT] com[/B][/COLOR]</description>
		<disclaimer lang="en">Tất cả live streams được tải về từ các nhà cung cấp dịch vụ. Tác giả phần mềm này không chịu trách nhiệm về nội dung của chúng.</disclaimer>
		<license>GNU GENERAL PUBLIC LICENSE. Version 3, 29 June 2007</license>
	</extension>
</addon>
