<addon id="plugin.video.hieuhien.vn.kenh108.com" name="[COLOR lime][B]kenh108.com[/B][/COLOR]" provider-name="thongld" version="1.0.3">
  <requires>
    <import addon="xbmc.python" version="2.1.0" />
    <import addon="script.module.xbmcswift2" version="1.3.1" />
    <import addon="plugin.video.youtube" version="4.4.1" />
  </requires>
  <extension library="default.py" point="xbmc.python.pluginsource">
    <provides>video</provides>
  </extension>
  <extension point="xbmc.addon.metadata">
    <platform>all</platform>
    <summary>Watch free movies from kenh108.com</summary>
    <description>Watch free movies from kenh108.com</description>
  </extension>
</addon>