﻿<?xml version="1.0" encoding="UTF-8" standalone="yes"?>
<addon
	id="plugin.video.hieuhien.vn.chantube"
	version="1.0.2"
	name="[COLOR violet][B]ChanTube[/B][/COLOR]"
	provider-name="chanmodoi">	
	<requires>		
		<import addon="xbmc.python" version="2.1.0" />	
	</requires>	
	<extension point="xbmc.python.pluginsource" library="addon.py">		
		<provides>video</provides>	
	</extension>	
	<extension point="xbmc.addon.metadata">
	<summary>ChanTube</summary>		
	<description>Tổng hợp các kênh Youtube hay</description>		
	<platform>all</platform>	
</extension>
</addon>