<favourites>
	<favourite name="[COLOR orangered]K[/COLOR][COLOR white]IDS[/COLOR] Movies" thumb="http://s6.postimg.org/mvzjgehoh/Kids.png">ActivateWindow(10025,&quot;plugin://plugin.video.phstreams/?action=ndmode&amp;audio=0&amp;content=0&amp;fanart=http%3a%2f%2fs6.postimg.org%2f4ph8mo5q9%2fBackdrop.png&amp;image=http%3a%2f%2fs6.postimg.org%2fmvzjgehoh%2fKids.png&amp;name=%5bCOLOR%20orangered%5dK%5b%2fCOLOR%5d%5bCOLOR%20white%5dIDS%5b%2fCOLOR%5d&amp;playable=false&amp;tvshow=0&amp;url=http%3a%2f%2fzenica.watchkodi.com%2fDirectories%2fMain%2520Directory%2fKids%2520Main.xml&quot;,return)</favourite>
	<favourite name="kids &amp; animation" thumb="http://i.imgur.com/YXaY4BI.png">ActivateWindow(10025,&quot;plugin://plugin.video.phstreams/?action=ndmode&amp;audio=0&amp;content=0&amp;fanart=http%3a%2f%2fi.ytimg.com%2fvi%2fdN3x7K-MBJA%2fmaxresdefault.jpg&amp;image=http%3a%2f%2fi.imgur.com%2fYXaY4BI.png&amp;name=kids%20%26%20animation%201&amp;playable=false&amp;tvshow=0&amp;url=http%3a%2f%2ftuzla.watchkodi.com%2fkids_animation.xml&quot;,return)</favourite>
	<favourite name="Kids Movies HD" thumb="https://repository-butchabay.googlecode.com/svn/branches/eden/skin.cirrus.extended.v2/extras/moviegenres/Kids%20Movies_Fixed.png">ActivateWindow(10025,&quot;plugin://plugin.video.phstreams/?action=ndmode&amp;audio=0&amp;content=0&amp;fanart=http%3a%2f%2fs5.postimg.org%2fn5fv921c7%2fFan_art.png&amp;image=http%3a%2f%2fs5.postimg.org%2fhsr0uxdfr%2fsections.jpg&amp;name=%5bCOLOR%20yellow%5dKids%20HD%5b%2fCOLOR%5d&amp;playable=false&amp;tvshow=0&amp;url=http%3a%2f%2fyork.watchkodi.com%2fAfdah%2fKids.xml&quot;,return)</favourite>
	<favourite name="Latest Animated Releases" thumb="http://s16.postimg.org/qu3swamjp/animation.jpg">ActivateWindow(10025,&quot;plugin://plugin.video.phstreams/?action=ndmode&amp;audio=0&amp;content=0&amp;fanart=http%3a%2f%2fcoolbackgroundhd.com%2fwp-content%2fuploads%2f2015%2f04%2fangels-wings-fire-wallpaper.jpg&amp;image=http%3a%2f%2fs16.postimg.org%2fqu3swamjp%2fanimation.jpg&amp;name=Latest%20Animated%20Releases&amp;playable=false&amp;tvshow=0&amp;url=http%3a%2f%2fgibraltar.watchkodi.com%2fCollections%2fanimated.xml&quot;,return)</favourite>
	<favourite name="My Kids" thumb="http://s6.postimg.org/gpk9zbs01/Ihae6r_JE.jpg">ActivateWindow(10025,&quot;plugin://plugin.video.phstreams/?action=ndmode&amp;audio=0&amp;content=0&amp;fanart=http%3a%2f%2fs6.postimg.org%2f4e7vodlfl%2f14266.jpg&amp;image=http%3a%2f%2fs6.postimg.org%2fgpk9zbs01%2fIhae6r_JE.jpg&amp;name=%5bCOLOR%20blue%5dMy%20Kids%5b%2fCOLOR%5d&amp;playable=false&amp;tvshow=0&amp;url=http%3a%2f%2fhonolulu.watchkodi.com%2fPlaylists%2fKids%2520Main.xml&quot;,return)</favourite>
	<favourite name="Kids" thumb="http://createapk.com/project/2014/09/afrizaldarwin/the-minions-despicable-me-wallpaper/icon.png">ActivateWindow(10025,&quot;plugin://plugin.video.phstreams/?action=ndmode&amp;audio=0&amp;content=movies&amp;fanart=http%3a%2f%2fs6.postimg.org%2f6tj6zom81%2fkids4.png&amp;image=http%3a%2f%2fcreateapk.com%2fproject%2f2014%2f09%2fafrizaldarwin%2fthe-minions-despicable-me-wallpaper%2ficon.png&amp;name=%5bCOLOR%20hotpink%5dKids%5b%2fCOLOR%5d&amp;playable=true&amp;tvshow=0&amp;url=http%3a%2f%2fhonolulu.watchkodi.com%2fPlaylists%2fKids.xml&quot;,return)</favourite>
	<favourite name="Kids Live Action" thumb="https://walter.trakt.us/images/movies/000/007/229/fanarts/original/75b32c169e.jpg">ActivateWindow(10025,&quot;plugin://plugin.video.phstreams/?action=ndmode&amp;audio=0&amp;content=movies&amp;fanart=http%3a%2f%2fs6.postimg.org%2f6tj6zom81%2fkids4.png&amp;image=https%3a%2f%2fwalter.trakt.us%2fimages%2fmovies%2f000%2f007%2f229%2ffanarts%2foriginal%2f75b32c169e.jpg&amp;name=%5bCOLOR%20hotpink%5dKids%20Live%20Action%5b%2fCOLOR%5d&amp;playable=true&amp;tvshow=0&amp;url=http%3a%2f%2fhonolulu.watchkodi.com%2fPlaylists%2fKids%2520Live%2520Action.xml&quot;,return)</favourite>
	<favourite name="Kids Movies" thumb="http://s2.postimg.org/465404hg9/kids.png">ActivateWindow(10025,&quot;plugin://plugin.video.dijentertainments/?description&amp;mode=1&amp;name=%5bCOLOR%20aqua%5dKids%5b%2fCOLOR%5d&amp;url=https%3a%2f%2fraw.github.com%2fdjjohnnyb15%2fdij-entertainments%2fmaster%2fDirectory%2fMovies%2fkidsmovies%2fkidsmovies.xml&quot;,return)</favourite>
	<favourite name="Classic Cartoons" thumb="http://metalkettle.co/UKTurk/thumbs/UK%20TURK%20cartoons.jpg">ActivateWindow(10025,&quot;plugin://plugin.video.ukturk/?description&amp;iconimage=http%3a%2f%2fmetalkettle.co%2fUKTurk%2fthumbs%2fUK%2520TURK%2520cartoons.jpg&amp;mode=1&amp;name=Classic%20Cartoons&amp;url=http%3a%2f%2fmetalkettle.co%2fUKTurk%2fcartoons%2fIndex.txt&quot;,return)</favourite>
	<favourite name="Cartoons8" thumb="special://home/addons\plugin.video.cartoons8\icon.png">ActivateWindow(10025,&quot;plugin://plugin.video.cartoons8/&quot;,return)</favourite>
	<favourite name="Watch Cartoon Online" thumb="special://home/addons/plugin.video.watchcartoononline/icon.png">ActivateWindow(10025,&quot;plugin://plugin.video.watchcartoononline/&quot;,return)</favourite>
	<favourite name="Super Cartoons" thumb="special://home/addons/plugin.video.supercartoons/icon.png">ActivateWindow(10025,&quot;plugin://plugin.video.supercartoons/&quot;,return)</favourite>
	<favourite name="Thiếu Nhi" thumb="special://home/addons/plugin.video.netmedia/resources/logos\thieunhi.png">ActivateWindow(10025,&quot;plugin://plugin.video.netmedia/?iconimage=%2fstorage%2femulated%2f0%2fAndroid%2fdata%2forg.xbmc.kodi%2ffiles%2f.kodi%2faddons%2fplugin.video.netmedia%2fresources%2flogos%5cthieunhi.png&amp;mode=2&amp;name=Thi%e1%ba%bfu%20Nhi&amp;url=ThieuNhi&quot;,return)</favourite>
	<favourite name="TV - KIDS" thumb="https://googledrive.com/host/0B7zkkQwo5pr5fjNUcHcwMEkyS0gxUGRvQlMzaGpxSDQtZGNtUVZrSy1fQzhDSjJ1NEhmbmM/kenhthieunhi.png">ActivateWindow(10025,&quot;plugin://plugin.video.livetv/?iconimage=https%3a%2f%2fgoogledrive.com%2fhost%2f0B7zkkQwo5pr5fjNUcHcwMEkyS0gxUGRvQlMzaGpxSDQtZGNtUVZrSy1fQzhDSjJ1NEhmbmM%2fkenhthieunhi.png&amp;mode=tvchannel&amp;name=%5bCOLOR%20yellow%5d%5bB%5dTV%20-%20THI%e1%ba%beU%20NHI%5b%2fB%5d%5b%2fCOLOR%5d&amp;url=https%3a%2f%2fgoogledrive.com%2fhost%2f0B7zkkQwo5pr5fjNUcHcwMEkyS0gxUGRvQlMzaGpxSDQtZGNtUVZrSy1fQzhDSjJ1NEhmbmM%2fkenhthieunhi.xml&quot;,return)</favourite>
	
</favourites>