﻿<?xml version="1.0" encoding="utf-8">
<a server="MMN" category="FRE" mode="88" color="lime" icon="serverphimkhac.png">Xem Phim</a>
<a server="MMN" category="Home" mode="89" color="gold" icon="xshare.png">Truyền Hình</a>
<a server="MMN" category="Home" mode="51" color="violet" icon="favorite.png">Nghe Nhạc</a>
<a server="MMN" category="Home" mode="98" color="red" icon="youtube.png">Youtube</a>
<a server="F4T" category="fshare.vn" mode="02" color="lime" icon="gsearch.png">Google Search [COLOR gold]Vaphim.com[/COLOR]/[COLOR orangered]Fcine.net[/COLOR]/[COLOR FF1E90FF]taiphimhd.net[/COLOR]</a>
<a server="F4T" category="vaphim.com" mode="01" color="yellow" icon="vaphim.png">Vaphim.com</a>
<a server="F4T" category="taiphimhd.net" mode="34" color="FF1E90FF" icon="taiphimhdnet.png">Taiphimhd.net</a>
<a server="F4T" category="fsharefilm.com" mode="60" color="FFF08080" icon="taiphimhdnet.png">Fsharefilm.com</a>
