<?xml version="1.0" encoding="UTF-8" standalone="yes"?>
	<addon id="plugin.video.hieuhien.vn.phim14.net" version="2.2" name="[B]Phim14.net[/B]" provider-name="V137">
		<requires>
			<import addon="xbmc.python" version="2.1.0" />
			<import addon="script.module.requests" version="2.6.0"/>
			<import addon="script.module.urlresolver" version="1.0.0"/>
			<import addon="script.module.xbmcswift2" version="1.3.1" />
			<import addon="script.module.t0mm0.common" version="1.1.0"/>
		</requires>
		<extension library="default.py" point="xbmc.python.pluginsource" />
   		<extension point="xbmc.addon.metadata">
			<summary>Phim14.net</summary>
			<description>Phim14.net (Vietnamese)</description>
			<platform>all</platform>
		</extension>
	</addon>