<?xml version="1.0" encoding="UTF-8" standalone="yes"?>
<addon
	id="plugin.video.hieuhien.vn.hayhaytv"
	version="1.0.6"
	name="[B]HayHayTV[B]"
	provider-name="lnt900">
	<requires>
		<import addon="xbmc.python" version="2.1.0"/>
	</requires>
	<extension point="xbmc.python.pluginsource" library="default.py">
	<provides></provides>
	</extension>      
	<extension point="xbmc.addon.metadata">
	<summary>hayhaytv</summary>
	<description>Watch hayhaytv.vn (Vietnamese) Videos</description>
	<platform>all</platform>
	</extension>
</addon>