<?xml version="1.0" encoding="UTF-8" standalone="yes"?>
<addon
  id="plugin.video.hieuhien.vn.sctv"
  version="1.2"
  name="SCTV"
  provider-name="thong.ld">
  <requires>
    <import addon="xbmc.python" version="2.1.0"/>
    <import addon="script.module.xbmcswift2" version="1.3.1" />
    <import addon="script.module.requests" version="1.0" />
  </requires>
  <extension library="default.py" point="xbmc.python.pluginsource">
    <provides>video</provides>
  </extension>
  <extension point="xbmc.addon.metadata">
    <summary>Truyền hình SCTV</summary>
    <description>Nhóm kênh chính thức của truyền hình SCTV</description>
    <platform>all</platform>
  </extension>
</addon>