<?xml version="1.0" encoding="utf-8" standalone="yes"?>

<channel>
<items>

<!------------ THUY NGA ----------------->

<item>
<title>Thúy Nga | Tổng Hợp</title>
<link>http://ott.thuynga.com/vi/genre/index/22/3</link>
<thumbnail>http://i.imgur.com/pmryF6a.png</thumbnail>
</item>

<item>
<title>Thúy Nga | Hài Kịch</title>
<link>http://ott.thuynga.com/vi/genre/index/26/3</link>
<thumbnail>http://i.imgur.com/pmryF6a.png</thumbnail>
</item>

<item>
<title>Thúy Nga | Hậu Trường</title>
<link>http://ott.thuynga.com/vi/genre/index/64/3</link>
<thumbnail>http://i.imgur.com/pmryF6a.png</thumbnail>
</item>

<!------------ PHIM HDCAFE ----------------->

<item>
<title>PHIM XEM NHIỀU</title>
<link>http://phim.hdcaphe.com/phim-xem-nhieu-nhat.html</link>
<thumbnail>http://i.imgur.com/G1gYeeo.png</thumbnail>
</item>

<item>
<title>PHIM MỚI</title>
<link>http://phim.hdcaphe.com/phim-moi-nhat.html</link>
<thumbnail>http://i.imgur.com/G1gYeeo.png</thumbnail>
</item>

<item>
<title>PHIM HOT</title>
<link>http://phim.hdcaphe.com/phim-hot-trong-thang.html</link>
<thumbnail>http://i.imgur.com/G1gYeeo.png</thumbnail>
</item>

<item>
<title>PHIM FULL HD</title>
<link>http://phim.hdcaphe.com/PHIM_HD.html</link>
<thumbnail>http://i.imgur.com/G1gYeeo.png</thumbnail>
</item>

<item>
<title>PHIM HÀNH ĐỘNG CHÂU Á</title>
<link>http://phim.hdcaphe.com/hanh-dong-chau-a.html</link>
<thumbnail>http://i.imgur.com/G1gYeeo.png</thumbnail>
</item>

<item>
<title>PHIM HÀNH ĐỘNG MỸ</title>
<link>http://phim.hdcaphe.com/hanh-dng-m-56.html</link>
<thumbnail>http://i.imgur.com/G1gYeeo.png</thumbnail>
</item>

<item>
<title>PHIM KINH DỊ CHÂU Á</title>
<link>http://phim.hdcaphe.com/kinh-d-ma-chau-a-52.html</link>
<thumbnail>http://i.imgur.com/G1gYeeo.png</thumbnail>
</item>

<item>
<title>PHIM KINH DỊ MỸ</title>
<link>http://phim.hdcaphe.com/kinh-d-ma-chau-a.html</link>
<thumbnail>http://i.imgur.com/G1gYeeo.png</thumbnail>
</item>

<item>
<title>PHIM TÌNH CẢM CHÂU Á</title>
<link>http://phim.hdcaphe.com/phim-chau-a.html</link>
<thumbnail>http://i.imgur.com/G1gYeeo.png</thumbnail>
</item>

<item>
<title>PHIM TÌNH CẢM MỸ</title>
<link>http://phim.hdcaphe.com/phim-chau-au.html</link>
<thumbnail>http://i.imgur.com/G1gYeeo.png</thumbnail>
</item>

<item>
<title>PHIM HOẠT HÌNH</title>
<link>http://phim.hdcaphe.com/PHIM_HD_IPHONE_MAY_TINH_BANG_TABLET.html</link>
<thumbnail>http://i.imgur.com/G1gYeeo.png</thumbnail>
</item>

<item>
<title>PHIM BỘ CHÂU Á</title>
<link>http://phim.hdcaphe.com/PHIM_BO_HD.html</link>
<thumbnail>http://i.imgur.com/G1gYeeo.png</thumbnail>
</item>

<item>
<title>PHIM BỘ MỸ</title>
<link>http://phim.hdcaphe.com/phim-b-m.html</link>
<thumbnail>http://i.imgur.com/G1gYeeo.png</thumbnail>
</item>

<!------------ PHIM MEGABOX ----------------->

<item>
<title>Phim Chiếu Rạp</title>
<link>http://phim.megabox.vn/t/phim-chieu-rap-29</link>
<thumbnail>http://i.imgur.com/G1gYeeo.png</thumbnail>
</item>

<item>
<title>Phim Lẻ Mới Nhất</title>
<link>http://phim.megabox.vn/phim-lenew</link>
<thumbnail>http://i.imgur.com/G1gYeeo.png</thumbnail>
</item>

<item>
<title>Phim Bộ Mới Nhất</title>
<link>http://phim.megabox.vn/phim-bonew</link>
<thumbnail>http://i.imgur.com/G1gYeeo.png</thumbnail>
</item>

<item>
<title>Phim Lẻ Thể Loại - Quốc Gia</title>
<link>http://phim.megabox.vn/phim-lefull</link>
<thumbnail>http://i.imgur.com/G1gYeeo.png</thumbnail>
</item>

<item>
<title>Phim Bộ Thể Loại - Quốc Gia</title>
<link>http://phim.megabox.vn/phim-bofull</link>
<thumbnail>http://i.imgur.com/G1gYeeo.png</thumbnail>
</item>

<!------------ PHIM GIẢI TRÍ ----------------->

<item>
<title>[COLOR FF0084EA](Phim Lẻ)[/COLOR] Hành Động</title>
<link>http://phimgiaitri.vn/result.php?type=Phim%20L%E1%BA%BB&search=H%C3%A0nh%20%C4%90%E1%BB%99ng</link>
<thumbnail>http://i.imgur.com/G1gYeeo.png</thumbnail>
</item>

<item>
<title>[COLOR FF0084EA](Phim Lẻ)[/COLOR] Kinh Dị</title>
<link>http://phimgiaitri.vn/result.php?type=Phim%20L%E1%BA%BB&search=Kinh%20D%E1%BB%8B</link>
<thumbnail>http://i.imgur.com/G1gYeeo.png</thumbnail>
</item>

<item>
<title>[COLOR FF0084EA](Phim Lẻ)[/COLOR] Võ Thuật</title>
<link>http://phimgiaitri.vn/result.php?type=Phim%20L%E1%BA%BB&search=V%C3%B5%20Thu%E1%BA%ADt</link>
<thumbnail>http://i.imgur.com/G1gYeeo.png</thumbnail>
</item>

<item>
<title>[COLOR FF0084EA](Phim Lẻ)[/COLOR] Kiếm Hiệp</title>
<link>http://phimgiaitri.vn/result.php?type=Phim%20L%E1%BA%BB&search=Ki%E1%BA%BFm%20Hi%E1%BB%87p</link>
<thumbnail>http://i.imgur.com/G1gYeeo.png</thumbnail>
</item>

<item>
<title>[COLOR FF0084EA](Phim Lẻ)[/COLOR] Hài Hước</title>
<link>http://phimgiaitri.vn/result.php?type=Phim%20L%E1%BA%BB&search=Phim%20H%C3%A0i</link>
<thumbnail>http://i.imgur.com/G1gYeeo.png</thumbnail>
</item>

<item>
<title>[COLOR FF0084EA](Phim Lẻ)[/COLOR] Tâm Lý - Tình Cảm</title>
<link>http://phimgiaitri.vn/result.php?type=Phim%20L%E1%BA%BB&search=T%C3%A2m%20L%C3%BD%20-%20T%C3%ACnh%20C%E1%BA%A3m</link>
<thumbnail>http://i.imgur.com/G1gYeeo.png</thumbnail>
</item>

<item>
<title>[COLOR FF0084EA](Phim Lẻ)[/COLOR] Viễn Tưởng</title>
<link>http://phimgiaitri.vn/result.php?type=Phim%20L%E1%BA%BB&search=Vi%E1%BB%85n%20T%C6%B0%E1%BB%9Fng</link>
<thumbnail>http://i.imgur.com/G1gYeeo.png</thumbnail>
</item>

<item>
<title>[COLOR FF0084EA](Phim Lẻ)[/COLOR] Hoạt Hình</title>
<link>http://phimgiaitri.vn/result.php?type=Phim%20L%E1%BA%BB&search=Ho%E1%BA%A1t%20H%C3%ACnh</link>
<thumbnail>http://i.imgur.com/G1gYeeo.png</thumbnail>
</item>

<item>
<title>[COLOR FF0084EA](Phim Lẻ)[/COLOR] Thể Loại Khác</title>
<link>http://phimgiaitri.vn/result.php?type=Phim%20L%E1%BA%BB&search=Kh%C3%A1c</link>
<thumbnail>http://i.imgur.com/G1gYeeo.png</thumbnail>
</item>

<item>
<title>[COLOR orange](Phim Bộ)[/COLOR] Hàn Quốc</title>
<link>http://phimgiaitri.vn/result.php?type=Phim%20B%E1%BB%99&search=H%C3%A0n%20Qu%E1%BB%91c</link>
<thumbnail>http://i.imgur.com/G1gYeeo.png</thumbnail>
</item>

<item>
<title>[COLOR orange](Phim Bộ)[/COLOR] Trung Quốc - Đài Loan</title>
<link>http://phimgiaitri.vn/result.php?type=Phim%20B%E1%BB%99&search=Trung%20Qu%E1%BB%91c%20-%20%C4%90%C3%A0i%20Loan</link>
<thumbnail>http://i.imgur.com/G1gYeeo.png</thumbnail>
</item>

<item>
<title>[COLOR orange](Phim Bộ)[/COLOR] Việt Nam</title>
<link>http://phimgiaitri.vn/result.php?type=Phim%20B%E1%BB%99&search=Vi%E1%BB%87t%20Nam</link>
<thumbnail>http://i.imgur.com/G1gYeeo.png</thumbnail>
</item>

<item>
<title>[COLOR orange](Phim Bộ)[/COLOR] TVB</title>
<link>http://phimgiaitri.vn/result.php?type=Phim%20B%E1%BB%99&search=TVB</link>
<thumbnail>http://i.imgur.com/G1gYeeo.png</thumbnail>
</item>

<item>
<title>[COLOR orange](Phim Bộ)[/COLOR] Âu Mỹ</title>
<link>http://phimgiaitri.vn/result.php?type=Phim%20B%E1%BB%99&search=%C3%82u%20M%E1%BB%B9</link>
<thumbnail>http://i.imgur.com/G1gYeeo.png</thumbnail>
</item>

<item>
<title>[COLOR orange](Phim Bộ)[/COLOR] Hoạt Hình</title>
<link>http://phimgiaitri.vn/result.php?type=Phim%20B%E1%BB%99&search=Ho%E1%BA%A1t%20H%C3%ACnh</link>
<thumbnail>http://i.imgur.com/G1gYeeo.png</thumbnail>
</item>

<!------------ PHIM 7 ----------------->

<item>
<title>Phim Lẻ</title>
<link>http://phim7.com/phim-le.html</link>
<thumbnail>http://i.imgur.com/G1gYeeo.png</thumbnail>
</item>

<item>
<title>Phim Bộ</title>
<link>http://phim7.com/phim-bo.html</link>
<thumbnail>http://i.imgur.com/G1gYeeo.png</thumbnail>
</item>

<item>
<title>Phim Mới</title>
<link>http://phim7.com/phim-moi.html</link>
<thumbnail>http://i.imgur.com/G1gYeeo.png</thumbnail>
</item>

<item>
<title>Phim Xem Nhiều</title>
<link>http://phim7.com/phim-xem-nhieu.html</link>
<thumbnail>http://i.imgur.com/G1gYeeo.png</thumbnail>
</item>

</items>
</channel>

