<?xml version="1.0" encoding="UTF-8" standalone="yes"?>
	<addon id="plugin.video.hieuhien.vn.myasiantv" version="1.1" name="[COLOR yellow][B]MyAsianTV.se[/B][/COLOR]" provider-name="V137">
		<requires>
			<import addon="xbmc.python" version="2.1.0"/>
		</requires>
		<extension point="xbmc.python.pluginsource" library="default.py">
			<provides></provides>
		</extension>
		<extension point="xbmc.addon.metadata">
			<summary>MyAsianTV.se</summary>
			<description>MyAsianTV.se</description>
			<platform>all</platform>
		</extension>
	</addon>