<favourites>
	<favourite name="MTV Channels" thumb="http://www.blackbox247.com/images/TV-Cables-logo.JPG">ActivateWindow(10025,&quot;plugin://plugin.program.super.favourites/?label=MTV Channels&amp;mode=400&amp;path=special%3A%2F%2Fhome%2Faddons%2Fplugin.video.live.streams%2FSuper%20Favourites%5CCables%20TV%20Channels%5CMTV%20Channels&amp;sf_options=fanart%3Dspecial%3A%2F%2Fhome%2Faddons%5Cplugin.program.super.favourites%5Cfanart.jpg%26_options_sf&quot;,return)</favourite>
	<favourite name="HGTV" thumb="special://home/addons/plugin.video.ulive_com/iconHGTV.png">ActivateWindow(10025,&quot;plugin://plugin.video.ulive_com/?mode=listShows&amp;thumb=%2fstorage%2femulated%2f0%2fAndroid%2fdata%2forg.xbmc.kodi%2ffiles%2f.kodi%2faddons%2fplugin.video.ulive_com%2ficonHGTV.png&amp;type&amp;url=http%3a%2f%2fwww.ulive.com%2fhgtv&quot;,return)</favourite>
	<favourite name="HGTV 2" thumb="special://home/addons/plugin.video.hgtv/icon.png">ActivateWindow(10025,&quot;plugin://plugin.video.hgtv/&quot;,return)</favourite>
	<favourite name="Travel Channel" thumb="special://home/addons/plugin.video.ulive_com/iconTC.png">ActivateWindow(10025,&quot;plugin://plugin.video.ulive_com/?mode=listShows&amp;thumb=%2fstorage%2femulated%2f0%2fAndroid%2fdata%2forg.xbmc.kodi%2ffiles%2f.kodi%2faddons%2fplugin.video.ulive_com%2ficonTC.png&amp;type&amp;url=http%3a%2f%2fwww.ulive.com%2ftravel-channel&quot;,return)</favourite>
	<favourite name="Food Network" thumb="special://home/addons/plugin.video.ulive_com/iconFN.png">ActivateWindow(10025,&quot;plugin://plugin.video.ulive_com/?mode=listShows&amp;thumb=%2fstorage%2femulated%2f0%2fAndroid%2fdata%2forg.xbmc.kodi%2ffiles%2f.kodi%2faddons%2fplugin.video.ulive_com%2ficonFN.png&amp;type&amp;url=http%3a%2f%2fwww.ulive.com%2ffood-network&quot;,return)</favourite>
	<favourite name="DIY Networks" thumb="special://home/addons/plugin.video.ulive_com/iconDIY.png">ActivateWindow(10025,&quot;plugin://plugin.video.ulive_com/?mode=listShows&amp;thumb=%2fstorage%2femulated%2f0%2fAndroid%2fdata%2forg.xbmc.kodi%2ffiles%2f.kodi%2faddons%2fplugin.video.ulive_com%2ficonDIY.png&amp;type&amp;url=http%3a%2f%2fwww.ulive.com%2fdiy-network&quot;,return)</favourite>
	<favourite name="Cooking Channel" thumb="special://home/addons/plugin.video.ulive_com/iconCC.png">ActivateWindow(10025,&quot;plugin://plugin.video.ulive_com/?mode=listShows&amp;thumb=%2fstorage%2femulated%2f0%2fAndroid%2fdata%2forg.xbmc.kodi%2ffiles%2f.kodi%2faddons%2fplugin.video.ulive_com%2ficonCC.png&amp;type&amp;url=http%3a%2f%2fwww.ulive.com%2fcooking-channel&quot;,return)</favourite>
	<favourite name="Americas Test Kitchen" thumb="special://home/addons/plugin.video.atk/icon.png">ActivateWindow(10025,&quot;plugin://plugin.video.atk/&quot;,return)</favourite>
	<favourite name="Docu-Hub" thumb="special://home/addons/plugin.video.docuhub/icon.png">ActivateWindow(10025,&quot;plugin://plugin.video.docuhub/&quot;,return)</favourite>
	<favourite name="Discovery Networks" thumb="special://home/addons/plugin.video.discovery_com/icon.png">ActivateWindow(10025,&quot;plugin://plugin.video.discovery_com/&quot;,return)</favourite>
	<favourite name="DIY Network" thumb="special://home/addons/plugin.video.diy/icon.png">ActivateWindow(10025,&quot;plugin://plugin.video.diy/&quot;,return)</favourite>
	<favourite name="ulive.com" thumb="special://home/addons/plugin.video.ulive_com/icon.png">ActivateWindow(10025,&quot;plugin://plugin.video.ulive_com/&quot;,return)</favourite>
	<favourite name="Cooking Channel 2" thumb="special://home/addons/plugin.video.cook/icon.png">ActivateWindow(10025,&quot;plugin://plugin.video.cook/&quot;,return)</favourite>
	<favourite name="HowStuffWorks.com" thumb="special://home/addons/plugin.video.howstuffworks_com/icon.png">ActivateWindow(10025,&quot;plugin://plugin.video.howstuffworks_com/&quot;,return)</favourite>
	<favourite name="VEVO" thumb="special://home/addons/plugin.video.myvevo/icon.png">ActivateWindow(10025,&quot;plugin://plugin.video.myvevo/&quot;,return)</favourite>
	<favourite name="Documentaries" thumb="http://metalkettle.co/UKTurk/thumbs/UK%20TURK%20documentaries.jpg">ActivateWindow(10025,&quot;plugin://plugin.video.ukturk/?description&amp;iconimage=http%3a%2f%2fmetalkettle.co%2fUKTurk%2fthumbs%2fUK%2520TURK%2520documentaries.jpg&amp;mode=1&amp;name=Documentaries&amp;url=http%3a%2f%2fmetalkettle.co%2fUKTurk%2fdocs%2fIndex.txt&quot;,return)</favourite>
	<favourite name="CBSN News Live" thumb="special://home/addons/plugin.video.cbsn/icon.png">ActivateWindow(10025,&quot;plugin://plugin.video.cbsn/&quot;,return)</favourite>
	<favourite name="CBSnews.com" thumb="special://home/addons/plugin.video.cbsnews_com/icon.png">ActivateWindow(10025,&quot;plugin://plugin.video.cbsnews_com/&quot;,return)</favourite>
	<favourite name="Fox News" thumb="special://home/addons/plugin.video.fox.news/icon.png">ActivateWindow(10025,&quot;plugin://plugin.video.fox.news/&quot;,return)</favourite>
</favourites>