<?xml version="1.0" encoding="UTF-8" standalone="yes"?>
<addon
	id="plugin.video.azdrama"
	version="1.0.20"
	name="[COLOR yellow][B]azdrama.net[/B][/COLOR]"
	provider-name="Dknight">
	<requires>
		<import addon="xbmc.python" version="2.1.0" />
		<import addon="script.module.beautifulsoup" version="3.0.8"/>
		<import addon="script.module.simplejson" />
		<import addon="script.module.t0mm0.common" version="1.1.0"/>
	</requires>
	<extension point="xbmc.python.pluginsource" library="default.py">
		<provides>video</provides>
	</extension>
	<extension point="xbmc.addon.metadata">
		<summary>azdrama.net</summary>
		<description>[COLOR lime][B]Xem phim Trung Quốc, HongKong từ website azdrama.net tiếng Trung[/B][/COLOR]</description>
		<platform>all</platform>
	</extension>
</addon>