﻿<?xml version="1.0" encoding="utf-8">
<a server="MMN" category="FRE" mode="88" color="orange" icon="serverphimkhac.png">Xem phim</a>
<a server="MMN" category="Home" mode="89" color="orange" icon="xshare.png">Xem Truyền Hình</a>
<a server="MMN" category="Home" mode="51" color="gold" icon="favorite.png">Nghe nhạc</a>
<a server="MMN" category="Home" mode="98" color="red" icon="youtube.png">Youtube</a>
<a server="MMN" category="F4T" mode="10" color="yellow" icon="vaphim.png">[COLOR lime]Kho phim trên [/COLOR][COLOR gold]Vaphim[/COLOR] / [COLOR orangered]Fcine[/COLOR] / [COLOR FF1E90FF]taiphimhd[/COLOR]</a>
<a server="F4T" category="fshare.vn" mode="02" color="lime" icon="gsearch.png">Google Search [COLOR gold]Vaphim.com[/COLOR]/[COLOR orangered]Fcine.net[/COLOR]/[COLOR FF1E90FF]taiphimhd.net[/COLOR]</a>
<a server="F4T" category="vaphim.com" mode="01" color="yellow" icon="vaphim.png">Kho phim trên Vaphim.com</a>
<a server="F4T" category="taiphimhd.net" mode="34" color="FF1E90FF" icon="taiphimhdnet.png">Kho phim trên taiphimhd.net</a>
<a server="F4T" category="fcine.net" mode="25" color="orangered" icon="fcine.png">Kho phim trên Fcine.net</a>
