<?xml version="1.0" encoding="UTF-8" standalone="yes"?>
<addon 
	id="plugin.video.hieuhien.vn.phimanhtrang"
	version="1.0.1"
	name="[B]Phim Ánh Trăng[/B]"
	provider-name="DaveLN">
	<requires>
		<import addon="xbmc.python" version="2.1.0" optional="true" />
		<import addon="script.module.simplejson" />
		<import addon="script.module.t0mm0.common" version="1.1.0"/>
	</requires>
	<extension point="xbmc.python.pluginsource" library="default.py">
		<provides></provides>
	</extension>
	<extension point="xbmc.addon.metadata">
		<summary>Movies</summary>
		<description>[COLOR lime][B]Xem phim từ website anhtrang.org[/B][/COLOR]</description>
		<disclaimer lang="en">
			[COLOR lime]The streaming media are pulled from online provider(s). 
			[COLOR red]These streams do not represent my views or opinions in any way.[/COLOR]</disclaimer>
		<platform>all</platform>
		<license>http://www.gnu.org/licenses/</license>
		<forum></forum>
		<website></website>  
		<email></email>
		<source></source>
	</extension>
</addon>