<?xml version="1.0" encoding="UTF-8" standalone="yes"?>
<addon
	id="plugin.video.hieuhien.vn.dramago"
	version="1.0.10"
	name="DramaGo"
	provider-name="Dknight">
	<requires>
		<import addon="xbmc.python" version="2.1.0" optional="true" />
		<import addon="script.module.simplejson" />
		<import addon="script.module.beautifulsoup" version="3.0.8"/>
		<import addon="script.module.urlresolver"  version="0.0.1"/>
		<import addon="script.module.t0mm0.common" version="1.1.0"/>
	</requires>
	<extension point="xbmc.python.pluginsource" library="default.py">
		<provides></provides>
	</extension>
	<extension point="xbmc.addon.metadata">
	<summary>DramaGo</summary>
	<description>Watch Asain Drama Movies and TVShows on DramaGo</description>
	<platform>all</platform>
	</extension>
</addon>