<?xml version="1.0" encoding="UTF-8" standalone="yes"?>
<addon id="repository.vietmedia"
		name="VietMedia Add-ons"
		version="1.0.2"
		provider-name="VietMedia">
  <extension point="xbmc.addon.repository"
		name="VietMedia Add-on Repository">
		<info compressed="true">http://repo.kodi.vn/00-VMFrepo/addons.xml</info>
		<checksum>http://repo.kodi.vn/00-VMFrepo/addons.xml.md5</checksum>
		<datadir zip="true">http://repo.kodi.vn/00-VMFrepo/</datadir>
		
	</extension>
	<extension point="xbmc.addon.metadata">
		<summary lang="en">VietMedia Entertainment</summary>
		<description lang="en"></description>
		<disclaimer lang="en"></disclaimer>
		<platform>all</platform>
	</extension>
</addon>
