<?xml version="1.0" encoding="UTF-8" standalone="yes"?>
<addon 
	id="plugin.video.HieuHien.vn.05" 
	version="0.0.1" 
	name="Zero 5-Chưa xem được" 
	provider-name="Hieuhien.vn">
	<requires> 
		<import addon="script.module.simplejson" />	
		<import addon="xbmc.python" version="2.1.0"/>
		<import addon="script.module.simple.downloader" version="1.9.4" />
	</requires>
	<extension point="xbmc.python.pluginsource" library="default.py">  
		<provides>video</provides>    
	</extension>
	<extension point="xbmc.addon.metadata">
		<summary>[COLOR red]Hieuhien.vn[/COLOR]</summary>
		<description>ADDON dang xay dung!!!!!</description>
		<disclaimer>ADDON dang xay dung!!!!!</disclaimer>
		<platform>all</platform>
	</extension>
</addon>