<favourites>
	<favourite name="Chương Trình Đặc Biệt" thumb="special://home/addons/plugin.video.live.streams/icon.png">ActivateWindow(10025,&quot;plugin://plugin.video.live.streams/&quot;,return)</favourite>
	<favourite name="Video Music - Ca Nhạc" thumb="https://googledrive.com/host/0B7zkkQwo5pr5fjNUcHcwMEkyS0gxUGRvQlMzaGpxSDQtZGNtUVZrSy1fQzhDSjJ1NEhmbmM/videomusic.png">ActivateWindow(10025,&quot;plugin://plugin.video.livetv/?iconimage=https%3a%2f%2fgoogledrive.com%2fhost%2f0B7zkkQwo5pr5fjNUcHcwMEkyS0gxUGRvQlMzaGpxSDQtZGNtUVZrSy1fQzhDSjJ1NEhmbmM%2fvideomusic.png&amp;mode=tvchannel&amp;name=%5bCOLOR%20yellow%5d%5bB%5dVideo%20Music%20-%20Ca%20Nh%e1%ba%a1c%5b%2fB%5d%5b%2fCOLOR%5d&amp;url=https%3a%2f%2fgoogledrive.com%2fhost%2f0B7zkkQwo5pr5fjNUcHcwMEkyS0gxUGRvQlMzaGpxSDQtZGNtUVZrSy1fQzhDSjJ1NEhmbmM%2faccessasiatv-video.xml&quot;,return)&lt;favourite name=&quot;Ca Nhạc&quot; thumb=&quot;special://home/addons/plugin.video.netmedia/resources/logos\canhac.png&quot;&gt;ActivateWindow(10025,&quot;plugin://plugin.video.netmedia/?iconimage=%2fstorage%2femulated%2f0%2fAndroid%2fdata%2forg.xbmc.kodi%2ffiles%2f.kodi%2faddons%2fplugin.video.netmedia%2fresources%2flogos%5ccanhac.png&amp;mode=2&amp;name=Ca%20Nh%e1%ba%a1c&amp;url=CaNhac&quot;,return)</favourite>
	<favourite name="Kênh | [COLOR yellow]TV Show Việt Nam[/COLOR]" thumb="special://home/addons/plugin.video.TruyenhinhShow/icon.png">ActivateWindow(10025,&quot;plugin://plugin.video.livetv/?iconimage&amp;mode=index&amp;name=K%c3%aanh%20%7c%20%5bCOLOR%20yellow%5dTV%20Show%20Vi%e1%bb%87t%20Nam%5b%2fCOLOR%5d&amp;url=https%3a%2f%2fgoogledrive.com%2fhost%2f0B7zkkQwo5pr5fjNUcHcwMEkyS0gxUGRvQlMzaGpxSDQtZGNtUVZrSy1fQzhDSjJ1NEhmbmM%2ftonghop.xml%3fn%3dK%c3%aanh%20%7c%20%5bCOLOR%20yellow%5dTV%20Show%20Vi%e1%bb%87t%20Nam%5b%2fCOLOR%5d&quot;,return)</favourite>
	<favourite name="Chương Trình TV Shows" thumb="special://home/addons/plugin.video.netmedia/resources/logos\tvshows.png">ActivateWindow(10025,&quot;plugin://plugin.video.netmedia/?iconimage=%2fstorage%2femulated%2f0%2fAndroid%2fdata%2forg.xbmc.kodi%2ffiles%2f.kodi%2faddons%2fplugin.video.netmedia%2fresources%2flogos%5ctvshows.png&amp;mode=2&amp;name=TV%20Shows&amp;url=TVShows&quot;,return)</favourite>
	<favourite name="NetMusic" thumb="special://home/addons/plugin.video.netmusic/icon.png">ActivateWindow(10025,&quot;plugin://plugin.video.netmusic/&quot;,return)</favourite>
	<favourite name="CA NHẠC" thumb="special://home/addons/plugin.video.itvplus/logos\MUSIC.png">ActivateWindow(10025,&quot;plugin://plugin.video.itvplus/?iconimage=%2fstorage%2femulated%2f0%2fAndroid%2fdata%2forg.xbmc.kodi%2ffiles%2f.kodi%2faddons%2fplugin.video.itvplus%2flogos%5cMUSIC.png&amp;mode=menu_group&amp;name=CA%20NH%e1%ba%a0C&amp;url=http%3a%2f%2fxbmc.itvplus.net%2fMENU%2fI-MenuMusic.xml&quot;,return)</favourite>
	<favourite name="MY TUBE" thumb="special://home/addons/plugin.video.itvplus/logos\MYTUBE.png">ActivateWindow(10025,&quot;plugin://plugin.video.itvplus/?iconimage=%2fstorage%2femulated%2f0%2fAndroid%2fdata%2forg.xbmc.kodi%2ffiles%2f.kodi%2faddons%2fplugin.video.itvplus%2flogos%5cMYTUBE.png&amp;mode=menu_group&amp;name=MY%20TUBE&amp;url=http%3a%2f%2fxbmc.itvplus.net%2fMENU%2fI-MenuTube.xml&quot;,return)</favourite>
	<favourite name="Tin Tức &amp; TV Hải Ngoại" thumb="special://home/addons/plugin.video.netmedia/resources/logos\haingoai.png">ActivateWindow(10025,&quot;plugin://plugin.video.netmedia/?iconimage=%2fstorage%2femulated%2f0%2fAndroid%2fdata%2forg.xbmc.kodi%2ffiles%2f.kodi%2faddons%2fplugin.video.netmedia%2fresources%2flogos%5chaingoai.png&amp;mode=2&amp;name=Tin%20T%e1%bb%a9c%20%26%20TV%20H%e1%ba%a3i%20Ngo%e1%ba%a1i&amp;url=TinTuc&quot;,return)</favourite>
	<favourite name="Daily VN News/ Tin Tức Tổng Hợp" thumb="special://home/addons/plugin.video.DailyNews/icon.png">ActivateWindow(10025,&quot;plugin://plugin.video.DailyNews/&quot;,return)</favourite>
	<favourite name="Tin Tức Mỗi Ngày" thumb="https://googledrive.com/host/0B7zkkQwo5pr5fjNUcHcwMEkyS0gxUGRvQlMzaGpxSDQtZGNtUVZrSy1fQzhDSjJ1NEhmbmM/tintuc.png">ActivateWindow(10025,&quot;plugin://plugin.video.livetv/?iconimage=https%3a%2f%2fgoogledrive.com%2fhost%2f0B7zkkQwo5pr5fjNUcHcwMEkyS0gxUGRvQlMzaGpxSDQtZGNtUVZrSy1fQzhDSjJ1NEhmbmM%2ftintuc.png&amp;mode=tvchannel&amp;name=%5bCOLOR%20yellow%5d%5bB%5dTin%20T%e1%bb%a9c%20M%e1%bb%97i%20Ng%c3%a0y%5b%2fB%5d%5b%2fCOLOR%5d&amp;url=https%3a%2f%2fgoogledrive.com%2fhost%2f0B7zkkQwo5pr5fjNUcHcwMEkyS0gxUGRvQlMzaGpxSDQtZGNtUVZrSy1fQzhDSjJ1NEhmbmM%2ftintuc.xml&quot;,return)</favourite>
	<favourite name="Hài Kịch" thumb="special://home/addons/plugin.video.HaiKich/icon.png">ActivateWindow(10025,&quot;plugin://plugin.video.HaiKich/&quot;,return)</favourite>
	<favourite name="Hát Karaoke Online" thumb="special://home/addons/plugin.video.netmusic/resources/logos\karaoke.png">ActivateWindow(10025,&quot;plugin://plugin.video.netmusic/?iconimage=%2fstorage%2femulated%2f0%2fAndroid%2fdata%2forg.xbmc.kodi%2ffiles%2f.kodi%2faddons%2fplugin.video.netmusic%2fresources%2flogos%5ckaraoke.png&amp;mode=6&amp;name=%5bCOLOR%20lightgreen%5dH%c3%a1t%20Karaoke%20Online%5b%2fCOLOR%5d&amp;url=KaraokeOnline&quot;,return)</favourite>
	<favourite name="SBTN" thumb="special://home/addons/plugin.video.SBTNOfficial/icon.png">ActivateWindow(10025,&quot;plugin://plugin.video.SBTNOfficial/&quot;,return)</favourite>
	<favourite name="Đọc Truyện Tổng Hợp" thumb="special://home/addons/plugin.video.netmedia/resources/logos\doctruyen.png">ActivateWindow(10025,&quot;plugin://plugin.video.netmedia/?iconimage=%2fstorage%2femulated%2f0%2fAndroid%2fdata%2forg.xbmc.kodi%2ffiles%2f.kodi%2faddons%2fplugin.video.netmedia%2fresources%2flogos%5cdoctruyen.png&amp;mode=2&amp;name=%c4%90%e1%bb%8dc%20Truy%e1%bb%87n&amp;url=DocTruyen&quot;,return)</favourite>
	<favourite name="Video Chia Sẻ Nhạc]" thumb="special://home/addons/plugin.video.netmusic/resources/logos\csn.png">ActivateWindow(10025,&quot;plugin://plugin.video.netmusic/?iconimage=%2fstorage%2femulated%2f0%2fAndroid%2fdata%2forg.xbmc.kodi%2ffiles%2f.kodi%2faddons%2fplugin.video.netmusic%2fresources%2flogos%5ccsn.png&amp;mode=2&amp;name=%5bCOLOR%20lime%5dVideo%20Chia%20S%e1%ba%bb%20Nh%e1%ba%a1c%5b%2fCOLOR%5d&amp;url=http%3a%2f%2fchiasenhac.com%2f&quot;,return)</favourite>
	<favourite name="Video Nhạc Của Tui" thumb="special://home/addons/plugin.video.netmusic/resources/logos\nct.png">ActivateWindow(10025,&quot;plugin://plugin.video.netmusic/?iconimage=%2fstorage%2femulated%2f0%2fAndroid%2fdata%2forg.xbmc.kodi%2ffiles%2f.kodi%2faddons%2fplugin.video.netmusic%2fresources%2flogos%5cnct.png&amp;mode=2&amp;name=%5bCOLOR%20cyan%5dVideo%20Nh%e1%ba%a1c%20C%e1%bb%a7a%20Tui%5b%2fCOLOR%5d&amp;url=http%3a%2f%2fm.nhaccuatui.com%2fmv.html&quot;,return)</favourite>
	<favourite name="POPS VN" thumb="special://home/addons/plugin.video.POPSVIETNAM/icon.png">ActivateWindow(10025,&quot;plugin://plugin.video.youtube/user/POPSVIETNAM/&quot;,return)</favourite>
	<favourite name="VEVO TV" thumb="special://home/addons/plugin.video.vevo_tv/icon.png">ActivateWindow(10025,&quot;plugin://plugin.video.vevo_tv/?content_type=video&quot;,return)</favourite>
	<favourite name="MTV Channels" thumb="http://www.blackbox247.com/images/TV-Cables-logo.JPG">ActivateWindow(10025,&quot;plugin://plugin.program.super.favourites/?label=MTV Channels&amp;mode=400&amp;path=special%3A%2F%2Fhome%2Faddons%2Fplugin.video.live.streams%2FSuper%20Favourites%5CCables%20TV%20Channels%5CMTV%20Channels&amp;sf_options=fanart%3Dspecial%3A%2F%2Fhome%2Faddons%5Cplugin.program.super.favourites%5Cfanart.jpg%26_options_sf&quot;,return)</favourite>
	<favourite name="Cải Lương" thumb="special://home/addons/plugin.video.netmedia/resources/logos\cailuong.png">ActivateWindow(10025,&quot;plugin://plugin.video.netmedia/?iconimage=%2fstorage%2femulated%2f0%2fAndroid%2fdata%2forg.xbmc.kodi%2ffiles%2f.kodi%2faddons%2fplugin.video.netmedia%2fresources%2flogos%5ccailuong.png&amp;mode=2&amp;name=C%e1%ba%a3i%20L%c6%b0%c6%a1ng&amp;url=Karaoke&quot;,return)</favourite>
	<favourite name="Mp3.Zing.Vn" thumb="special://home/addons/plugin.video.mp3zing/icon.png">ActivateWindow(10025,&quot;plugin://plugin.video.mp3zing/&quot;,return)</favourite>
	<favourite name="VEVO" thumb="special://home/addons/plugin.video.myvevo/icon.png">ActivateWindow(10025,&quot;plugin://plugin.video.myvevo/&quot;,return)</favourite>
	<favourite name="CBSN News Live" thumb="special://home/addons/plugin.video.cbsn/icon.png">ActivateWindow(10025,&quot;plugin://plugin.video.cbsn/&quot;,return)</favourite>
	<favourite name="CBSnews.com" thumb="special://home/addons/plugin.video.cbsnews_com/icon.png">ActivateWindow(10025,&quot;plugin://plugin.video.cbsnews_com/&quot;,return)</favourite>
	<favourite name="Fox News" thumb="special://home/addons/plugin.video.fox.news/icon.png">ActivateWindow(10025,&quot;plugin://plugin.video.fox.news/&quot;,return)</favourite>
</favourites>