<?xml version="1.0" encoding="UTF-8" standalone="yes" ?>
<addon 
	id="plugin.video.phimfptplay" 
	version="1.0.0"
	name="[COLOR FF00FF00][B]Phim FPT Play[/B][/COLOR]" 
	provider-name="thaitni">
	<requires>
		<import addon="xbmc.python" version="2.1.0" optional="true" />
    </requires>
    <extension point="xbmc.python.pluginsource" library="phimfptplay.py">
		<provides>video</provides>
	</extension>
    <extension point="xbmc.addon.metadata">
		<summary>Xshare - XBMC HD Video</summary>
		<description lang="en">[COLOR lime][B]Tìm và Xem HD Video trên XBMC từ website: http://fptplay.net[/B][/COLOR]</description>
		<platform>all</platform>
		<language>en</language>
		<license>GNU General Public License - v2</license>
		<source>https://github.com/thaitni/xbmc.repo.xshare</source>
		<email>thai@thanhthai.net</email>
	</extension>
</addon>