<?xml version="1.0" encoding="UTF-8" standalone="yes"?>
<addon id="repository.uPlayHD.com"
		name="uPlayHD.com Version 2.1"
		version="2.1"
		provider-name="ThuN">
	<extension point="xbmc.addon.repository"
		name="uPlayHD Add-on Repository">
		<info compressed="true">http://bitbucket.org/brianminh84/uplayhd.com/raw/master/addons.xml</info>
		<checksum>http://bitbucket.org/brianminh84/uplayhd.com/raw/master/addons.xml.md5</checksum>
		<datadir zip="true">http://bitbucket.org/brianminh84/uplayhd.com/raw/master/</datadir>
		<hashes>true</hashes>
	</extension>
	<extension point="xbmc.addon.metadata">
		<summary lang="en">Repositories uPlayHD.Com</summary>
		<description lang="en"></description>
		<disclaimer></disclaimer>
		<disclaimer lang="en"></disclaimer>
		<platform>all</platform>
	</extension>
</addon>
